age,workclass,fnlwgt,education,educational-num,occupation,race,gender,capital-gain,capital-loss,hours-per-week,native-country,income_>50K
67,Private,366425,Doctorate,16,Exec-managerial,White,Male,99999,0,60,United-States,1
17,Private,244602,12th,8,Other-service,White,Male,0,0,15,United-States,0
31,Private,174201,Bachelors,13,Exec-managerial,White,Male,0,0,40,United-States,1
58,State-gov,110199,7th-8th,4,Transport-moving,White,Male,0,0,40,United-States,0
25,State-gov,149248,Some-college,10,Other-service,Black,Male,0,0,40,United-States,0
59,State-gov,105363,HS-grad,9,Adm-clerical,White,Male,0,0,40,United-States,0
70,Private,216390,9th,5,Machine-op-inspct,White,Female,2653,0,40,United-States,0
54,Self-emp-inc,129432,Bachelors,13,Exec-managerial,White,Male,15024,0,40,United-States,1
44,Private,163331,Some-college,10,Adm-clerical,White,Female,0,0,32,United-States,0
35,Private,38245,Some-college,10,Craft-repair,White,Male,0,0,60,United-States,0
71,Private,152307,HS-grad,9,Exec-managerial,White,Male,0,2377,45,United-States,1
53,Private,188644,Preschool,1,Other-service,White,Male,0,0,40,Mexico,0
30,Private,182833,Some-college,10,Exec-managerial,Black,Female,0,0,40,United-States,0
34,Private,434463,Bachelors,13,Machine-op-inspct,White,Female,0,0,39,United-States,0
62,Private,312818,Bachelors,13,Exec-managerial,White,Male,0,1902,1,United-States,1
21,State-gov,173534,Some-college,10,Prof-specialty,White,Female,0,0,40,Ecuador,0
42,Private,204235,HS-grad,9,Sales,White,Male,0,0,40,United-States,0
26,Private,193165,Some-college,10,Transport-moving,White,Male,0,0,52,United-States,1
43,Private,175133,Some-college,10,Tech-support,Black,Female,0,0,35,United-States,0
28,Private,161538,Bachelors,13,Tech-support,White,Female,0,0,35,United-States,0
23,Private,177787,Bachelors,13,Sales,White,Female,0,0,30,England,0
21,Private,157893,HS-grad,9,Transport-moving,White,Female,0,0,40,United-States,0
30,Private,296462,Masters,14,Prof-specialty,Black,Male,0,0,30,United-States,0
58,Private,136951,Bachelors,13,Adm-clerical,Asian-Pac-Islander,Male,0,0,40,Philippines,0
40,Private,87771,HS-grad,9,Adm-clerical,White,Female,0,0,40,United-States,0
21,Private,206008,Some-college,10,Adm-clerical,Black,Male,0,0,50,United-States,0
25,Private,340288,9th,5,Handlers-cleaners,White,Male,0,0,40,United-States,0
50,Self-emp-inc,262777,Masters,14,Exec-managerial,Asian-Pac-Islander,Male,0,0,45,China,0
27,Private,60288,Masters,14,Sales,White,Female,0,0,40,United-States,0
19,Private,366088,9th,5,Machine-op-inspct,White,Male,0,0,40,United-States,0
52,State-gov,254285,Doctorate,16,Prof-specialty,White,Male,0,1887,70,Germany,1
38,State-gov,534775,Some-college,10,Tech-support,Black,Female,0,0,50,United-States,0
49,Self-emp-inc,195727,HS-grad,9,Sales,White,Male,0,0,40,United-States,0
36,Private,160035,Some-college,10,Exec-managerial,White,Male,0,0,55,United-States,1
21,Private,199444,HS-grad,9,Adm-clerical,White,Female,0,0,44,United-States,0
32,Private,211743,Bachelors,13,Sales,White,Male,0,0,45,United-States,0
24,Private,56121,5th-6th,3,Farming-fishing,White,Male,0,0,60,Mexico,0
59,Private,131869,HS-grad,9,Other-service,White,Female,0,0,35,United-States,0
20,State-gov,318382,HS-grad,9,Adm-clerical,White,Male,0,0,40,United-States,0
58,Private,265579,HS-grad,9,Adm-clerical,White,Female,0,0,40,United-States,0
34,State-gov,180871,Bachelors,13,Adm-clerical,White,Male,0,0,55,United-States,0
52,Private,31533,HS-grad,9,Other-service,White,Male,0,0,40,United-States,0
56,Private,165867,HS-grad,9,Craft-repair,White,Male,0,0,40,United-States,0
27,State-gov,122660,Bachelors,13,Prof-specialty,Black,Female,0,0,40,United-States,0
49,Self-emp-inc,172246,Bachelors,13,Sales,White,Male,99999,0,40,United-States,1
33,Private,195770,HS-grad,9,Machine-op-inspct,White,Male,0,0,40,United-States,0
23,Private,276568,Some-college,10,Sales,White,Female,0,0,40,United-States,0
18,Self-emp-inc,147612,HS-grad,9,Farming-fishing,White,Female,0,0,8,United-States,0
37,Private,103925,HS-grad,9,Adm-clerical,White,Female,0,0,68,United-States,0
32,State-gov,71151,Bachelors,13,Tech-support,White,Male,0,0,20,United-States,0
32,Self-emp-inc,204470,Some-college,10,Sales,White,Male,0,0,99,United-States,1
37,Private,910398,Bachelors,13,Sales,Black,Female,0,0,40,United-States,0
31,Private,109055,HS-grad,9,Farming-fishing,White,Male,3137,0,45,United-States,0
19,Private,148644,HS-grad,9,Adm-clerical,White,Female,0,0,40,United-States,0
34,Private,176244,HS-grad,9,Machine-op-inspct,White,Female,0,0,40,Mexico,0
47,Private,168262,Some-college,10,Exec-managerial,White,Male,0,0,60,United-States,1
32,Self-emp-inc,78530,Some-college,10,Exec-managerial,White,Male,15024,0,50,United-States,1
42,State-gov,82161,HS-grad,9,Protective-serv,White,Male,0,0,72,United-States,1
26,Private,213412,11th,7,Craft-repair,White,Male,0,0,40,United-States,0
38,Private,61343,9th,5,Craft-repair,White,Male,0,0,40,United-States,0
54,State-gov,161334,Masters,14,Prof-specialty,Asian-Pac-Islander,Female,0,0,40,China,0
43,State-gov,23157,HS-grad,9,Transport-moving,White,Male,0,0,60,United-States,0
50,Self-emp-inc,160151,Some-college,10,Sales,White,Male,0,0,60,United-States,1
34,State-gov,355700,HS-grad,9,Adm-clerical,White,Female,0,0,20,United-States,0
47,Self-emp-inc,188610,HS-grad,9,Machine-op-inspct,White,Male,0,0,48,United-States,0
50,Private,27484,HS-grad,9,Exec-managerial,White,Male,0,0,50,United-States,1
21,Private,338162,HS-grad,9,Machine-op-inspct,Black,Female,0,0,37,United-States,0
18,Private,275848,12th,8,Sales,White,Female,0,0,16,United-States,0
24,Self-emp-inc,165474,Bachelors,13,Sales,White,Male,0,0,40,United-States,0
38,Private,103323,HS-grad,9,Machine-op-inspct,White,Male,0,0,40,United-States,0
45,Private,210875,HS-grad,9,Craft-repair,White,Male,0,0,40,United-States,0
69,Private,98170,7th-8th,4,Other-service,White,Female,1086,0,20,United-States,0
21,Private,654141,HS-grad,9,Craft-repair,Black,Male,0,0,32,United-States,0
64,Private,143110,Bachelors,13,Prof-specialty,White,Female,0,0,30,United-States,0
28,Private,285294,Bachelors,13,Sales,Black,Female,15024,0,45,United-States,1
49,Private,101320,Masters,14,Exec-managerial,White,Female,0,0,75,United-States,0
59,Private,653215,11th,7,Transport-moving,White,Female,0,0,40,United-States,0
50,State-gov,54342,HS-grad,9,Transport-moving,White,Male,0,0,40,United-States,0
58,State-gov,280519,HS-grad,9,Other-service,Black,Male,0,0,40,United-States,0
51,Self-emp-inc,192973,Bachelors,13,Protective-serv,Black,Male,0,0,40,United-States,1
38,Private,206951,Some-college,10,Craft-repair,White,Male,0,0,40,United-States,0
23,Private,120601,Assoc-voc,11,Craft-repair,Black,Male,0,0,40,United-States,0
46,Private,158825,HS-grad,9,Craft-repair,White,Female,14344,0,40,United-States,1
48,Private,185041,7th-8th,4,Transport-moving,White,Male,0,1672,55,United-States,0
17,Private,75333,10th,6,Sales,Black,Female,0,0,24,United-States,0
41,Private,196001,HS-grad,9,Sales,White,Female,0,0,20,United-States,0
30,State-gov,141297,Bachelors,13,Prof-specialty,Asian-Pac-Islander,Male,0,0,40,India,1
25,Private,113099,HS-grad,9,Craft-repair,Black,Male,0,0,40,United-States,0
26,Private,162302,Some-college,10,Machine-op-inspct,Asian-Pac-Islander,Male,0,0,40,Philippines,0
48,Private,189123,Masters,14,Machine-op-inspct,White,Male,0,0,40,United-States,0
24,State-gov,43475,Bachelors,13,Prof-specialty,White,Male,0,0,40,United-States,0
58,Private,102791,HS-grad,9,Other-service,White,Female,0,0,40,United-States,0
36,Private,379522,HS-grad,9,Craft-repair,White,Male,15024,0,40,United-States,1
40,Private,283724,9th,5,Craft-repair,Black,Male,0,0,49,United-States,0
47,Private,262043,Bachelors,13,Adm-clerical,White,Female,0,0,40,United-States,0
39,State-gov,99156,Doctorate,16,Prof-specialty,White,Male,0,0,50,United-States,1
35,Private,207819,Bachelors,13,Exec-managerial,White,Male,15024,0,50,United-States,1
22,Private,184543,Some-college,10,Adm-clerical,White,Female,0,0,40,United-States,0
25,Private,211392,HS-grad,9,Other-service,White,Male,0,0,48,United-States,0
21,Private,230248,HS-grad,9,Adm-clerical,White,Female,0,0,25,United-States,0
26,Private,34402,Bachelors,13,Adm-clerical,White,Male,0,0,45,United-States,0
38,Private,103925,HS-grad,9,Adm-clerical,White,Female,0,0,35,United-States,0
44,Private,88808,12th,8,Transport-moving,White,Male,0,0,40,United-States,0
43,Private,167599,11th,7,Handlers-cleaners,White,Female,0,0,25,United-States,0
18,Private,118376,Some-college,10,Sales,White,Female,0,0,15,United-States,0
35,Private,187119,Some-college,10,Exec-managerial,White,Female,0,0,70,United-States,0
31,Private,328734,Masters,14,Prof-specialty,White,Female,0,0,30,United-States,0
49,Private,265295,HS-grad,9,Craft-repair,White,Male,0,0,40,United-States,0
28,Private,111900,Assoc-acdm,12,Sales,White,Male,0,0,30,United-States,0
24,Private,83783,Bachelors,13,Tech-support,White,Female,0,0,40,United-States,0
26,Private,154604,HS-grad,9,Sales,White,Female,0,0,40,United-States,0
53,Private,226135,9th,5,Craft-repair,Black,Male,0,0,40,Jamaica,0
51,Private,68882,1st-4th,2,Other-service,White,Female,0,0,35,Portugal,0
33,Private,219034,11th,7,Sales,White,Female,0,0,40,United-States,0
32,Private,169512,Bachelors,13,Sales,Black,Male,0,0,60,United-States,1
63,Private,440607,Preschool,1,Prof-specialty,Other,Male,0,0,30,Mexico,0
69,Private,361561,Prof-school,15,Prof-specialty,White,Male,0,0,3,United-States,0
43,Private,211128,Masters,14,Exec-managerial,White,Female,0,0,50,United-States,1
34,Private,263908,Some-college,10,Sales,White,Male,0,0,50,United-States,0
38,Private,102350,Some-college,10,Craft-repair,White,Male,0,0,40,United-States,0
40,Private,85668,7th-8th,4,Craft-repair,White,Male,0,0,60,United-States,0
44,Private,112797,9th,5,Other-service,White,Female,0,0,50,United-States,0
35,Private,111377,HS-grad,9,Transport-moving,White,Male,0,0,40,United-States,0
48,Private,345831,Some-college,10,Tech-support,White,Male,0,0,40,United-States,1
22,Private,326334,Some-college,10,Craft-repair,White,Male,0,0,35,United-States,0
44,Private,33521,Some-college,10,Exec-managerial,White,Male,0,0,40,United-States,1
36,Private,221650,Some-college,10,Craft-repair,White,Male,0,0,40,Japan,0
34,Private,163110,Masters,14,Sales,White,Male,0,0,40,United-States,0
34,Private,302770,Some-college,10,Sales,White,Male,0,0,60,United-States,0
62,Private,161802,1st-4th,2,Priv-house-serv,Black,Female,0,0,30,United-States,0
22,Private,298489,Some-college,10,Craft-repair,White,Male,0,0,40,United-States,0
37,Private,182668,10th,6,Transport-moving,White,Male,0,0,35,United-States,0
24,Private,275093,HS-grad,9,Handlers-cleaners,White,Female,0,0,36,United-States,0
45,Private,370274,12th,8,Craft-repair,White,Male,0,0,40,United-States,0
42,Private,482211,HS-grad,9,Craft-repair,White,Male,0,0,40,United-States,0
30,Private,97723,HS-grad,9,Craft-repair,White,Male,0,0,35,United-States,1
35,Private,189102,HS-grad,9,Exec-managerial,White,Male,0,0,55,United-States,1
37,Private,403344,HS-grad,9,Craft-repair,White,Male,0,0,40,United-States,0
45,Private,189792,Masters,14,Sales,White,Male,0,0,40,United-States,1
20,Private,262877,HS-grad,9,Craft-repair,White,Female,0,0,55,United-States,0
40,Private,226505,HS-grad,9,Adm-clerical,White,Female,0,0,46,United-States,1
31,Private,56510,Some-college,10,Craft-repair,Asian-Pac-Islander,Male,0,0,40,United-States,0
21,Private,345253,Some-college,10,Adm-clerical,Other,Male,2174,0,40,United-States,0
29,Private,133136,12th,8,Transport-moving,White,Male,0,0,40,United-States,1
29,Private,132686,HS-grad,9,Machine-op-inspct,White,Male,0,0,40,United-States,0
41,Private,311101,HS-grad,9,Craft-repair,White,Male,0,0,40,United-States,0
36,Private,172571,HS-grad,9,Sales,White,Male,0,0,45,United-States,0
42,Private,39060,HS-grad,9,Sales,White,Male,0,0,60,United-States,1
42,Private,144594,HS-grad,9,Craft-repair,White,Male,0,0,40,United-States,1
26,Private,297991,Bachelors,13,Sales,Asian-Pac-Islander,Female,0,1977,75,Cambodia,1
61,State-gov,347445,Masters,14,Exec-managerial,White,Male,0,0,40,United-States,1
43,Private,456236,Masters,14,Exec-managerial,White,Male,0,0,50,United-States,1
55,Private,380357,Bachelors,13,Sales,White,Male,0,0,60,,1
50,Private,176157,Masters,14,Exec-managerial,White,Male,0,0,50,United-States,1
34,Private,274577,HS-grad,9,Adm-clerical,Black,Female,0,0,40,United-States,0
33,Private,119176,Some-college,10,Adm-clerical,White,Female,0,0,40,United-States,0
19,Private,256979,HS-grad,9,Craft-repair,White,Male,0,0,35,United-States,0
32,Private,358655,Masters,14,Sales,White,Female,0,0,50,United-States,1
66,Private,102423,Assoc-voc,11,Adm-clerical,White,Male,0,0,30,United-States,0
22,Private,190625,Some-college,10,Adm-clerical,White,Male,0,0,35,United-States,0
56,Private,247337,Bachelors,13,Prof-specialty,White,Male,0,0,50,United-States,1
19,Private,248749,Some-college,10,Sales,White,Male,0,0,20,United-States,0
40,Private,34722,Some-college,10,Transport-moving,White,Male,0,0,48,United-States,1
35,Private,170617,HS-grad,9,Machine-op-inspct,Black,Female,0,0,48,United-States,0
60,Private,166330,HS-grad,9,Adm-clerical,White,Female,0,0,40,United-States,0
59,Private,216851,HS-grad,9,Machine-op-inspct,White,Male,0,0,40,United-States,0
36,Private,143123,Prof-school,15,Prof-specialty,White,Male,0,0,50,United-States,1
35,Private,41777,12th,8,Farming-fishing,White,Male,0,0,20,United-States,0
40,Private,175686,Some-college,10,Adm-clerical,White,Female,0,0,40,United-States,0
41,Self-emp-inc,218302,Bachelors,13,Sales,White,Male,0,0,60,United-States,1
52,Private,139176,HS-grad,9,Sales,White,Male,0,0,8,United-States,0
29,Private,163167,HS-grad,9,Sales,White,Male,0,0,40,United-States,0
17,Private,53611,12th,8,Other-service,White,Female,0,0,6,United-States,0
22,Private,226327,Some-college,10,Adm-clerical,White,Female,0,0,40,United-States,0
33,Private,258932,HS-grad,9,Exec-managerial,White,Female,0,0,40,United-States,0
21,Private,155483,Some-college,10,Craft-repair,White,Male,0,0,40,United-States,0
24,Private,283613,Bachelors,13,Prof-specialty,White,Male,0,0,40,United-States,0
50,Private,65408,HS-grad,9,Craft-repair,White,Male,0,0,50,United-States,1
56,Private,242782,HS-grad,9,Sales,White,Female,0,0,44,United-States,0
50,Private,205803,Masters,14,Sales,White,Male,15024,0,40,United-States,1
55,Private,35551,HS-grad,9,Craft-repair,White,Male,0,0,40,United-States,0
80,Private,148623,Prof-school,15,Prof-specialty,White,Male,0,0,35,United-States,1
58,Private,156040,Assoc-acdm,12,Machine-op-inspct,Black,Male,0,1848,40,United-States,1
36,Private,136629,Some-college,10,Machine-op-inspct,White,Male,0,0,40,United-States,1
22,Private,315476,11th,7,Craft-repair,White,Male,0,0,40,United-States,0
66,State-gov,132055,HS-grad,9,Exec-managerial,White,Male,0,1825,40,United-States,1
32,Private,312667,Bachelors,13,Exec-managerial,White,Male,2174,0,55,United-States,0
40,Private,180206,Assoc-acdm,12,Exec-managerial,White,Male,0,0,40,United-States,1
19,Private,87653,Some-college,10,Other-service,White,Female,0,0,25,United-States,0
29,Private,212588,HS-grad,9,Craft-repair,White,Male,0,0,40,United-States,0
21,Private,325923,Some-college,10,Tech-support,White,Male,0,0,35,United-States,0
28,Private,216178,Bachelors,13,Exec-managerial,White,Male,0,0,50,United-States,1
30,Private,245211,HS-grad,9,Machine-op-inspct,White,Male,0,2002,43,United-States,0
41,Private,116797,HS-grad,9,Sales,White,Male,7298,0,50,United-States,1
45,Self-emp-inc,122206,Assoc-acdm,12,Exec-managerial,White,Male,0,0,50,United-States,1
31,Private,231043,Some-college,10,Transport-moving,White,Male,0,0,50,United-States,0
24,Private,142227,Bachelors,13,Adm-clerical,White,Female,0,0,30,United-States,0
28,Private,375482,Bachelors,13,Sales,White,Male,0,0,40,United-States,0
26,Private,156848,Bachelors,13,Tech-support,White,Male,0,0,40,United-States,0
23,Private,217169,Bachelors,13,Adm-clerical,White,Female,0,0,40,United-States,0
48,Private,332884,Assoc-acdm,12,Craft-repair,White,Male,0,0,40,United-States,0
34,Private,265706,Masters,14,Sales,White,Male,0,0,60,United-States,1
38,Private,89559,Some-college,10,Prof-specialty,White,Female,0,0,40,Germany,0
40,Private,51151,Assoc-voc,11,Craft-repair,White,Male,0,0,40,United-States,0
44,Private,186790,Masters,14,Exec-managerial,White,Male,0,0,48,United-States,0
34,Private,250724,Bachelors,13,Sales,White,Male,0,0,45,Jamaica,0
30,Private,221178,HS-grad,9,Other-service,White,Male,0,0,28,United-States,0
50,Private,175804,HS-grad,9,Sales,White,Male,0,0,48,United-States,0
36,Private,214807,HS-grad,9,Other-service,White,Female,0,0,40,United-States,0
37,Private,305597,Bachelors,13,Prof-specialty,White,Male,0,0,45,United-States,1
20,Private,211049,Some-college,10,Exec-managerial,White,Female,0,0,30,United-States,0
29,Private,606111,Bachelors,13,Exec-managerial,White,Female,0,0,40,United-States,0
34,Private,127195,Some-college,10,Exec-managerial,White,Male,0,0,40,United-States,0
37,Private,200598,Assoc-acdm,12,Prof-specialty,White,Male,0,1740,45,United-States,0
25,Private,109390,HS-grad,9,Transport-moving,White,Male,0,0,70,United-States,0
30,Private,35724,Prof-school,15,Prof-specialty,White,Female,0,0,45,United-States,1
45,Self-emp-inc,61885,Bachelors,13,Exec-managerial,White,Male,15024,0,48,United-States,1
32,Private,262092,Bachelors,13,Prof-specialty,White,Male,7298,0,50,United-States,1
44,Private,187720,Assoc-voc,11,Craft-repair,White,Male,0,0,40,United-States,0
59,Self-emp-inc,145574,Assoc-voc,11,Exec-managerial,White,Male,0,0,40,United-States,1
45,Private,192360,Masters,14,Exec-managerial,White,Male,0,1902,50,United-States,1
32,Private,29933,Bachelors,13,Handlers-cleaners,White,Male,0,0,50,United-States,1
35,Private,66304,10th,6,Machine-op-inspct,White,Male,0,0,45,United-States,0
39,Private,185053,HS-grad,9,Machine-op-inspct,White,Female,0,0,40,United-States,0
37,Private,222450,HS-grad,9,Sales,White,Male,0,2339,40,El-Salvador,0
22,Private,233495,9th,5,Priv-house-serv,White,Female,0,0,40,United-States,0
30,Private,189620,Some-college,10,Prof-specialty,White,Female,6849,0,40,England,0
17,State-gov,179319,10th,6,Other-service,White,Male,0,0,30,United-States,0
60,Private,320422,Some-college,10,Tech-support,White,Female,6849,0,50,United-States,0
49,Private,176341,Bachelors,13,Tech-support,Asian-Pac-Islander,Female,0,0,40,India,0
49,Private,247892,Some-college,10,Craft-repair,Black,Male,0,0,30,United-States,0
32,Private,295282,HS-grad,9,Craft-repair,White,Male,0,0,48,United-States,0
22,Private,38444,Bachelors,13,Prof-specialty,White,Female,0,0,10,United-States,0
44,Private,344060,Bachelors,13,Prof-specialty,White,Male,27828,0,40,United-States,1
34,Private,109917,HS-grad,9,Machine-op-inspct,White,Female,0,0,40,United-States,0
32,Private,70377,Prof-school,15,Prof-specialty,White,Female,0,0,40,United-States,0
47,Private,193061,Some-college,10,Exec-managerial,White,Male,0,0,60,United-States,0
35,Private,174308,Some-college,10,Transport-moving,White,Male,0,0,40,United-States,0
30,Private,97933,Assoc-acdm,12,Transport-moving,White,Female,0,1485,37,United-States,1
58,Private,197642,Some-college,10,Adm-clerical,White,Female,0,0,39,United-States,0
38,Private,54953,Bachelors,13,Exec-managerial,White,Male,0,0,60,United-States,0
25,Private,60358,Some-college,10,Sales,White,Male,0,0,40,United-States,0
37,Private,99270,HS-grad,9,Transport-moving,White,Female,0,0,40,United-States,0
24,Private,87546,Some-college,10,Adm-clerical,White,Female,0,0,40,United-States,0
41,Private,42563,Bachelors,13,Tech-support,White,Female,0,0,25,United-States,1
44,Private,325461,Bachelors,13,Exec-managerial,White,Male,0,1902,50,United-States,1
58,Self-emp-inc,186791,Some-college,10,Transport-moving,White,Female,0,0,40,United-States,1
39,Private,211154,Bachelors,13,Tech-support,White,Male,0,0,50,United-States,0
45,Private,223999,9th,5,Other-service,White,Male,0,1848,40,United-States,1
36,Private,337039,Assoc-acdm,12,Tech-support,Black,Male,14344,0,40,England,1
17,Private,48610,11th,7,Farming-fishing,White,Male,0,0,45,United-States,0
45,Private,363087,HS-grad,9,Machine-op-inspct,Black,Female,0,0,40,United-States,0
20,Private,62865,HS-grad,9,Priv-house-serv,White,Female,0,0,45,United-States,0
34,Private,561334,Some-college,10,Exec-managerial,White,Male,0,0,50,United-States,1
28,Private,180007,Some-college,10,Handlers-cleaners,White,Male,0,0,40,United-States,0
33,Private,236818,Assoc-voc,11,Prof-specialty,Black,Female,0,0,26,United-States,0
63,Private,339473,Some-college,10,Sales,White,Female,0,0,60,United-States,0
28,Private,208965,9th,5,Machine-op-inspct,Other,Male,0,0,40,Mexico,0
23,Private,70894,Assoc-acdm,12,Craft-repair,White,Male,0,0,40,United-States,0
90,Private,40388,Bachelors,13,Exec-managerial,White,Male,0,0,55,United-States,0
34,Private,321709,HS-grad,9,Other-service,White,Female,0,0,28,United-States,0
40,Private,230684,HS-grad,9,Prof-specialty,White,Male,0,0,40,United-States,1
34,Private,232475,Some-college,10,Exec-managerial,White,Male,0,0,50,United-States,0
46,Private,208872,Assoc-voc,11,Prof-specialty,White,Male,0,0,40,United-States,1
48,Private,250733,Some-college,10,Craft-repair,White,Male,0,0,50,United-States,0
21,Private,161210,HS-grad,9,Machine-op-inspct,White,Male,0,0,50,United-States,0
35,Private,317153,HS-grad,9,Sales,White,Female,0,0,40,United-States,0
20,Private,174436,HS-grad,9,Craft-repair,White,Male,0,0,60,United-States,0
29,Private,242597,Bachelors,13,Tech-support,White,Male,0,0,40,United-States,0
59,Private,113959,HS-grad,9,Adm-clerical,White,Male,0,0,45,United-States,1
26,Private,165510,Bachelors,13,Farming-fishing,White,Male,0,0,40,United-States,0
26,Self-emp-inc,289224,Bachelors,13,Exec-managerial,White,Male,0,0,40,United-States,0
37,Private,333651,HS-grad,9,Adm-clerical,White,Male,0,0,42,United-States,0
30,Private,227146,Bachelors,13,Sales,White,Male,0,0,40,United-States,1
53,Private,149220,Masters,14,Sales,White,Male,0,0,40,United-States,0
36,Private,168747,Bachelors,13,Transport-moving,White,Male,0,0,40,United-States,0
33,Private,167309,Bachelors,13,Adm-clerical,White,Male,0,0,40,United-States,0
21,Private,129699,HS-grad,9,Adm-clerical,White,Male,0,0,40,United-States,0
32,Private,80058,HS-grad,9,Adm-clerical,White,Male,0,0,40,United-States,0
36,Private,309122,HS-grad,9,Adm-clerical,White,Female,0,0,35,United-States,0
46,Private,149640,Bachelors,13,Prof-specialty,White,Male,0,0,45,England,1
21,Private,267040,10th,6,Prof-specialty,Black,Female,0,0,40,United-States,0
73,Private,242769,HS-grad,9,Machine-op-inspct,White,Male,3471,0,40,England,0
39,Private,173175,Bachelors,13,Exec-managerial,White,Male,15024,0,50,United-States,1
25,Private,485496,HS-grad,9,Machine-op-inspct,Black,Female,0,0,40,United-States,0
38,Private,217926,HS-grad,9,Craft-repair,Black,Male,0,0,40,United-States,0
56,Private,456592,HS-grad,9,Other-service,White,Female,0,0,37,United-States,0
22,Private,228516,HS-grad,9,Machine-op-inspct,White,Male,0,0,40,United-States,0
47,Private,140664,Bachelors,13,Sales,White,Male,0,0,45,United-States,0
44,Private,56483,Bachelors,13,Adm-clerical,White,Female,0,0,37,United-States,0
27,Private,191515,Masters,14,Prof-specialty,White,Male,0,0,45,United-States,0
35,Private,166416,Bachelors,13,Exec-managerial,White,Male,0,0,50,United-States,1
59,Private,70857,HS-grad,9,Machine-op-inspct,White,Male,0,0,40,United-States,1
31,Private,56026,HS-grad,9,Craft-repair,White,Male,0,0,40,United-States,0
45,Private,123283,HS-grad,9,Machine-op-inspct,Black,Female,0,0,15,United-States,0
31,Private,176711,HS-grad,9,Transport-moving,White,Male,0,0,38,United-States,0
41,State-gov,70884,HS-grad,9,Tech-support,White,Male,0,0,40,United-States,0
60,Private,178312,HS-grad,9,Sales,White,Male,7298,0,65,United-States,1
24,Private,24243,HS-grad,9,Craft-repair,White,Male,0,1590,40,United-States,0
58,Private,183810,HS-grad,9,Other-service,White,Male,0,0,24,United-States,0
39,Private,132879,Some-college,10,Exec-managerial,White,Male,0,0,50,United-States,1
25,Private,476334,HS-grad,9,Sales,White,Male,0,0,48,United-States,0
42,Private,416506,Assoc-acdm,12,Tech-support,White,Male,14084,0,36,United-States,1
22,Private,347867,HS-grad,9,Sales,White,Male,0,1719,40,United-States,0
39,Private,172855,HS-grad,9,Adm-clerical,Black,Female,0,0,40,United-States,0
36,Private,263896,HS-grad,9,Adm-clerical,Black,Female,0,0,40,United-States,0
26,Private,181896,HS-grad,9,Other-service,White,Female,0,0,40,United-States,0
53,Private,77927,5th-6th,3,Handlers-cleaners,Asian-Pac-Islander,Female,0,0,50,Philippines,0
28,Private,72443,Some-college,10,Exec-managerial,White,Male,0,1669,60,United-States,0
21,Private,191460,11th,7,Other-service,Black,Female,0,0,40,United-States,0
62,Private,178745,HS-grad,9,Craft-repair,White,Male,0,0,45,United-States,1
29,Private,119793,Some-college,10,Sales,White,Male,0,0,50,United-States,0
41,Private,267252,Some-college,10,Machine-op-inspct,Black,Male,0,1902,40,United-States,1
21,State-gov,24008,Some-college,10,Craft-repair,White,Male,0,0,35,United-States,0
25,Private,281627,Bachelors,13,Tech-support,White,Female,0,1564,30,United-States,1
29,State-gov,160731,Masters,14,Tech-support,White,Male,0,0,50,Germany,0
47,State-gov,149337,HS-grad,9,Adm-clerical,White,Male,0,0,38,United-States,0
70,Private,195739,10th,6,Craft-repair,White,Male,0,0,45,United-States,0
39,Private,66687,Some-college,10,Craft-repair,White,Male,0,0,45,United-States,0
46,Private,28074,Some-college,10,Craft-repair,White,Male,0,0,89,United-States,1
46,Private,364913,11th,7,Transport-moving,Black,Male,0,0,40,United-States,0
43,Private,162003,Some-college,10,Machine-op-inspct,White,Male,0,0,40,United-States,0
27,Private,189565,HS-grad,9,Exec-managerial,White,Male,0,0,40,United-States,0
42,Private,344572,HS-grad,9,Exec-managerial,White,Female,0,0,40,United-States,1
57,Private,176904,11th,7,Handlers-cleaners,White,Male,0,0,40,United-States,0
28,Private,203776,HS-grad,9,Craft-repair,White,Male,0,0,45,Poland,0
33,Private,336061,HS-grad,9,Exec-managerial,White,Male,0,0,50,United-States,0
36,Self-emp-inc,107218,Some-college,10,Sales,Asian-Pac-Islander,Male,0,0,55,United-States,0
45,Private,99355,HS-grad,9,Protective-serv,Black,Male,0,0,40,United-States,1
59,Private,750972,HS-grad,9,Machine-op-inspct,White,Male,0,0,40,United-States,0
25,Private,224203,11th,7,Craft-repair,Other,Male,0,0,40,United-States,0
45,Private,421412,HS-grad,9,Machine-op-inspct,White,Male,0,0,45,United-States,1
44,Self-emp-inc,357679,Bachelors,13,Farming-fishing,White,Male,15024,0,65,United-States,1
26,Private,288959,HS-grad,9,Sales,Black,Male,0,0,36,United-States,0
47,Private,104301,11th,7,Other-service,White,Female,0,0,45,United-States,0
40,Private,133986,10th,6,Transport-moving,White,Female,0,0,70,United-States,0
19,Private,100790,HS-grad,9,Prof-specialty,White,Female,0,0,40,United-States,0
40,Private,153799,1st-4th,2,Machine-op-inspct,White,Female,0,0,40,Dominican-Republic,0
47,Private,302711,11th,7,Adm-clerical,White,Female,0,0,40,United-States,0
31,Private,246439,Some-college,10,Craft-repair,White,Male,0,0,45,United-States,0
24,Private,236907,HS-grad,9,Farming-fishing,White,Male,0,0,55,United-States,0
56,Private,287833,Some-college,10,Adm-clerical,White,Female,0,0,35,United-States,1
19,Private,113546,11th,7,Craft-repair,White,Male,0,0,56,United-States,0
42,Private,152629,Some-college,10,Sales,White,Male,0,0,45,United-States,1
67,Private,101132,7th-8th,4,Craft-repair,White,Male,1797,0,40,United-States,0
49,State-gov,36177,Bachelors,13,Exec-managerial,White,Male,0,0,45,United-States,1
28,Private,51672,HS-grad,9,Craft-repair,White,Male,0,0,35,United-States,0
36,Private,216845,1st-4th,2,Other-service,White,Male,0,0,40,Mexico,0
24,Private,304386,HS-grad,9,Other-service,White,Female,0,0,30,United-States,0
33,Private,124187,11th,7,Transport-moving,Black,Male,0,0,60,United-States,0
25,Private,159732,Some-college,10,Adm-clerical,White,Male,0,0,42,United-States,0
45,Private,44489,HS-grad,9,Transport-moving,White,Male,0,0,45,United-States,0
28,Private,136077,Assoc-voc,11,Craft-repair,White,Male,0,0,40,Poland,0
24,Private,95984,Assoc-voc,11,Sales,White,Male,0,0,55,United-States,0
23,Private,277328,Some-college,10,Handlers-cleaners,White,Male,0,0,32,Cuba,0
32,Private,127384,Assoc-voc,11,Craft-repair,White,Male,0,0,55,United-States,1
40,State-gov,184378,Bachelors,13,Adm-clerical,White,Male,0,0,40,United-States,0
36,Private,140327,HS-grad,9,Sales,White,Female,7298,0,35,United-States,1
32,Self-emp-inc,169152,Assoc-voc,11,Exec-managerial,White,Female,10520,0,80,Greece,1
48,Private,83407,Masters,14,Prof-specialty,White,Male,0,0,50,United-States,1
38,Private,357870,12th,8,Machine-op-inspct,Black,Female,0,0,50,United-States,0
26,Private,176756,Some-college,10,Sales,White,Male,0,0,40,United-States,0
28,Private,248404,Some-college,10,Exec-managerial,White,Male,0,0,60,United-States,0
32,Private,209808,Some-college,10,Sales,White,Male,0,1740,47,United-States,0
43,Private,73333,Prof-school,15,Farming-fishing,White,Female,0,0,32,United-States,0
42,Private,83411,Some-college,10,Exec-managerial,White,Male,0,1408,40,United-States,0
61,Private,183355,HS-grad,9,Adm-clerical,White,Male,0,0,40,United-States,1
47,Private,149700,Bachelors,13,Tech-support,White,Male,15024,0,40,United-States,1
17,Never-worked,237272,10th,6,,White,Male,0,0,30,United-States,0
35,Private,148906,Some-college,10,Prof-specialty,White,Female,0,0,40,United-States,0
42,Private,144056,Assoc-voc,11,Craft-repair,Amer-Indian-Eskimo,Male,0,0,40,United-States,1
49,Private,190319,Bachelors,13,Adm-clerical,Amer-Indian-Eskimo,Male,0,0,40,Philippines,0
44,Private,184871,Masters,14,Prof-specialty,White,Male,0,0,40,United-States,0
30,Private,243841,HS-grad,9,Other-service,Asian-Pac-Islander,Female,0,0,40,South,0
25,Private,216583,Bachelors,13,Exec-managerial,White,Male,0,0,43,United-States,0
34,Private,386877,HS-grad,9,Machine-op-inspct,Black,Male,0,0,40,United-States,0
27,Private,132686,12th,8,Machine-op-inspct,White,Male,0,0,50,United-States,0
19,State-gov,159269,Some-college,10,Adm-clerical,White,Male,0,0,15,United-States,0
29,Private,79586,HS-grad,9,Craft-repair,Amer-Indian-Eskimo,Male,0,0,65,United-States,0
23,Private,116830,12th,8,Craft-repair,White,Male,0,0,50,United-States,0
23,Private,161532,HS-grad,9,Craft-repair,White,Male,0,0,40,United-States,0
24,Private,698418,Some-college,10,Adm-clerical,Black,Female,0,0,25,United-States,0
46,Private,269045,Prof-school,15,Prof-specialty,Black,Male,0,0,40,United-States,1
48,Private,155372,HS-grad,9,Machine-op-inspct,White,Female,0,0,36,United-States,0
31,Private,111883,HS-grad,9,Craft-repair,White,Male,0,0,40,United-States,0
36,Private,306567,HS-grad,9,Transport-moving,White,Female,0,0,40,United-States,1
31,State-gov,78291,Bachelors,13,Prof-specialty,White,Female,0,0,40,United-States,0
38,Private,177121,Some-college,10,Other-service,White,Female,0,0,58,United-States,0
34,Private,426431,Some-college,10,Craft-repair,White,Male,0,0,48,United-States,1
47,Private,155107,HS-grad,9,Tech-support,White,Male,0,0,40,United-States,0
54,Private,108960,11th,7,Machine-op-inspct,White,Male,0,0,40,United-States,0
19,Private,163015,Some-college,10,Machine-op-inspct,White,Female,0,0,20,United-States,0
26,Private,262617,HS-grad,9,Craft-repair,White,Male,0,0,48,United-States,0
24,Private,73514,Some-college,10,Sales,Asian-Pac-Islander,Female,0,0,50,Philippines,0
49,Private,192323,HS-grad,9,Craft-repair,White,Male,0,0,40,United-States,1
26,Private,202156,HS-grad,9,Other-service,White,Female,0,0,30,United-States,0
27,Private,113464,1st-4th,2,Other-service,Other,Male,0,0,35,Dominican-Republic,0
53,Private,46155,HS-grad,9,Priv-house-serv,White,Female,0,0,40,United-States,0
25,State-gov,120041,Bachelors,13,Prof-specialty,White,Female,0,0,40,United-States,0
28,State-gov,149624,Bachelors,13,Prof-specialty,White,Male,0,0,40,United-States,1
59,Private,328525,HS-grad,9,Adm-clerical,White,Male,2414,0,15,United-States,0
39,Private,203204,Assoc-acdm,12,Adm-clerical,White,Female,0,0,25,United-States,1
40,Private,222011,Masters,14,Prof-specialty,White,Female,0,0,45,United-States,1
74,State-gov,117017,Some-college,10,Sales,White,Male,0,0,16,United-States,0
40,State-gov,385357,Bachelors,13,Protective-serv,White,Male,0,0,72,United-States,1
37,Private,86150,Bachelors,13,Other-service,Asian-Pac-Islander,Female,0,0,30,United-States,1
63,Private,133144,HS-grad,9,Other-service,White,Male,2580,0,20,United-States,0
57,Private,69884,HS-grad,9,Sales,White,Male,0,0,40,United-States,1
38,Private,258339,Assoc-voc,11,Other-service,White,Male,0,0,70,Iran,0
20,Private,147523,9th,5,Handlers-cleaners,White,Female,0,0,40,El-Salvador,0
36,Private,151764,Some-college,10,Sales,White,Male,5178,0,40,United-States,1
72,State-gov,120733,7th-8th,4,Other-service,Black,Female,0,0,40,United-States,0
36,Private,111128,Some-college,10,Craft-repair,White,Male,0,0,45,United-States,0
21,Private,147655,HS-grad,9,Other-service,White,Female,0,0,35,United-States,0
37,Private,238049,9th,5,Priv-house-serv,White,Female,0,0,30,El-Salvador,0
42,Private,193494,HS-grad,9,Machine-op-inspct,White,Male,0,0,40,United-States,1
48,Private,197683,Some-college,10,Sales,Black,Male,0,0,40,United-States,1
29,Private,142519,HS-grad,9,Handlers-cleaners,White,Male,0,0,40,United-States,0
37,Private,278924,HS-grad,9,Sales,White,Male,0,0,40,United-States,0
43,State-gov,126701,Bachelors,13,Exec-managerial,White,Male,0,0,35,United-States,1
23,Private,213955,HS-grad,9,Adm-clerical,Black,Male,0,2001,40,United-States,0
54,Private,175339,HS-grad,9,Sales,White,Male,0,0,50,United-States,0
35,Private,209609,HS-grad,9,Transport-moving,White,Male,0,0,60,United-States,0
63,Private,301108,11th,7,Sales,White,Male,0,0,22,United-States,0
39,Private,179481,Bachelors,13,Sales,White,Male,0,0,40,United-States,0
47,Private,161950,Bachelors,13,Other-service,White,Female,0,0,25,Germany,0
35,Private,37314,Some-college,10,Craft-repair,White,Male,5013,0,40,United-States,0
45,Private,185397,Assoc-acdm,12,Craft-repair,White,Male,0,0,40,United-States,0
40,Private,165309,Some-college,10,Transport-moving,White,Male,0,0,43,United-States,0
30,Private,196342,Masters,14,Prof-specialty,White,Male,0,0,40,Ireland,0
31,Private,189461,Assoc-acdm,12,Adm-clerical,White,Female,0,0,41,United-States,0
34,Private,258170,HS-grad,9,Exec-managerial,White,Female,0,0,38,United-States,0
25,Private,145434,Some-college,10,Machine-op-inspct,White,Female,0,0,25,United-States,0
53,Private,139127,HS-grad,9,Other-service,White,Female,0,0,40,United-States,0
52,Private,117700,HS-grad,9,Adm-clerical,White,Female,0,0,40,United-States,0
33,Private,104509,Some-college,10,Adm-clerical,White,Female,0,0,40,United-States,0
19,Private,213024,12th,8,Handlers-cleaners,White,Male,0,0,40,United-States,0
24,Private,271379,Some-college,10,Sales,White,Female,0,0,25,United-States,0
39,Private,215981,Some-college,10,Sales,White,Male,0,0,40,United-States,1
18,Private,157131,12th,8,Sales,White,Female,0,0,8,United-States,0
50,Private,133963,Bachelors,13,Sales,White,Female,0,0,50,United-States,0
53,Private,230936,Bachelors,13,Sales,White,Male,0,0,40,United-States,1
26,Private,184026,Some-college,10,Prof-specialty,Other,Male,0,0,50,United-States,0
31,Private,178841,HS-grad,9,Adm-clerical,White,Female,0,0,40,United-States,0
40,Private,31621,HS-grad,9,Adm-clerical,White,Female,0,0,40,United-States,0
23,Private,42251,Bachelors,13,Prof-specialty,White,Female,0,0,40,United-States,0
25,Private,75821,Some-college,10,Prof-specialty,White,Female,0,0,40,United-States,0
64,Private,137205,Assoc-voc,11,Craft-repair,White,Male,0,0,48,United-States,0
46,Private,273771,Bachelors,13,Sales,White,Male,99999,0,40,United-States,1
38,Private,52738,Some-college,10,Craft-repair,White,Male,0,0,40,United-States,0
66,Private,304957,HS-grad,9,Priv-house-serv,White,Female,0,0,25,United-States,0
28,Private,191088,Bachelors,13,Exec-managerial,White,Female,0,0,40,United-States,1
40,Private,182140,HS-grad,9,Transport-moving,Black,Male,0,0,40,United-States,0
22,Private,90896,Some-college,10,Sales,White,Female,0,0,40,United-States,0
22,Private,194031,Some-college,10,Other-service,White,Female,0,0,15,United-States,0
29,Private,543477,Some-college,10,Adm-clerical,Black,Female,0,0,40,United-States,0
18,Self-emp-inc,29582,11th,7,Farming-fishing,White,Male,0,0,50,United-States,0
21,Private,215039,HS-grad,9,Craft-repair,White,Male,0,0,13,,0
41,State-gov,176663,HS-grad,9,Adm-clerical,White,Female,0,0,40,United-States,0
40,Private,145441,HS-grad,9,Exec-managerial,White,Male,0,1485,40,United-States,1
42,Private,201520,Some-college,10,Craft-repair,White,Male,0,0,50,United-States,0
45,Private,242552,Some-college,10,Sales,Black,Male,0,0,40,United-States,0
36,Private,62346,HS-grad,9,Craft-repair,Black,Male,0,0,40,United-States,0
47,Private,195688,HS-grad,9,Adm-clerical,White,Female,0,0,40,United-States,0
28,Private,107411,Bachelors,13,Prof-specialty,White,Female,0,0,35,United-States,0
51,Private,128143,Some-college,10,Craft-repair,White,Male,0,0,40,United-States,1
30,Private,323054,10th,6,Other-service,Amer-Indian-Eskimo,Male,0,0,40,United-States,0
25,Private,54298,HS-grad,9,Sales,White,Male,0,0,30,United-States,0
43,Private,111252,Some-college,10,Transport-moving,White,Male,0,0,42,United-States,0
36,Private,280169,Masters,14,Exec-managerial,White,Male,0,0,50,United-States,1
35,Private,187589,Assoc-voc,11,Craft-repair,White,Male,0,0,40,United-States,0
33,Private,245777,HS-grad,9,Sales,White,Male,0,0,40,United-States,0
43,Private,107503,Bachelors,13,Prof-specialty,White,Male,0,0,48,United-States,1
24,Private,153133,12th,8,Machine-op-inspct,Black,Male,0,0,40,United-States,0
27,Private,153805,Some-college,10,Craft-repair,Other,Male,0,0,45,Ecuador,0
30,Private,119411,HS-grad,9,Farming-fishing,White,Male,0,0,40,United-States,0
20,Private,123173,Some-college,10,Sales,Black,Female,0,0,15,United-States,0
45,Private,180309,Some-college,10,Machine-op-inspct,White,Female,0,0,40,United-States,0
24,Private,102258,Bachelors,13,Sales,White,Male,0,0,40,United-States,0
63,Private,253556,HS-grad,9,Sales,White,Male,0,0,40,United-States,0
27,Private,134152,HS-grad,9,Machine-op-inspct,White,Male,0,0,45,United-States,0
29,Private,53063,Bachelors,13,Prof-specialty,White,Male,0,0,40,United-States,0
62,Private,113080,7th-8th,4,Craft-repair,White,Male,0,0,40,United-States,0
45,Private,205100,Bachelors,13,Exec-managerial,White,Male,15024,0,60,United-States,1
21,Private,251603,HS-grad,9,Adm-clerical,White,Female,0,0,40,United-States,0
42,Private,234633,11th,7,Transport-moving,White,Male,0,0,47,United-States,0
50,Self-emp-inc,176751,Masters,14,Exec-managerial,White,Male,0,0,80,United-States,1
23,Private,210474,Some-college,10,Other-service,White,Female,0,0,30,United-States,0
57,Private,220986,HS-grad,9,Sales,White,Male,0,0,40,United-States,1
49,Private,289964,Some-college,10,Sales,White,Male,0,0,50,United-States,0
43,Private,131435,Bachelors,13,Other-service,White,Female,0,0,40,United-States,0
56,Private,182062,Bachelors,13,Tech-support,White,Male,0,0,48,United-States,1
46,Private,153536,Some-college,10,Exec-managerial,White,Male,3103,0,40,United-States,1
41,Private,56795,Masters,14,Prof-specialty,White,Female,0,0,45,England,0
47,Private,119939,HS-grad,9,Craft-repair,White,Male,0,0,40,United-States,1
46,Private,114797,HS-grad,9,Machine-op-inspct,Black,Female,0,0,36,United-States,0
28,Private,480861,HS-grad,9,Machine-op-inspct,White,Male,0,0,45,United-States,0
68,Private,357233,HS-grad,9,Handlers-cleaners,White,Female,0,0,10,United-States,0
43,State-gov,27661,Masters,14,Prof-specialty,White,Male,0,0,45,United-States,0
28,Private,363257,Bachelors,13,Prof-specialty,Black,Male,0,0,50,United-States,0
42,Private,175526,HS-grad,9,Machine-op-inspct,White,Male,0,0,40,United-States,0
20,Private,47678,HS-grad,9,Craft-repair,White,Male,0,0,40,United-States,0
18,Private,120691,Some-college,10,Other-service,Black,Male,0,0,35,,0
32,Private,218322,HS-grad,9,Craft-repair,White,Male,0,0,40,United-States,0
42,Private,210534,5th-6th,3,Adm-clerical,White,Male,0,0,40,El-Salvador,0
49,Private,239865,HS-grad,9,Tech-support,White,Male,0,0,50,United-States,1
29,Private,135296,Bachelors,13,Exec-managerial,White,Female,0,2258,45,United-States,1
27,Private,1490400,Some-college,10,Exec-managerial,White,Male,0,0,40,United-States,0
61,Private,171429,11th,7,Other-service,White,Female,0,0,36,United-States,0
23,Private,235853,HS-grad,9,Sales,White,Male,0,0,45,United-States,0
57,Private,74156,HS-grad,9,Other-service,White,Male,0,0,30,United-States,0
66,Private,30740,HS-grad,9,Tech-support,White,Female,0,0,15,United-States,0
35,Private,193106,HS-grad,9,Adm-clerical,White,Female,0,0,32,United-States,0
48,Private,355781,Bachelors,13,Prof-specialty,Asian-Pac-Islander,Male,0,0,40,India,1
35,Private,409200,Assoc-acdm,12,Protective-serv,White,Male,0,0,40,United-States,0
37,Private,51198,Some-college,10,Craft-repair,White,Male,0,0,45,United-States,0
22,Private,61850,Masters,14,Sales,White,Female,0,0,21,United-States,0
37,Private,281751,Some-college,10,Other-service,White,Female,0,0,30,United-States,0
23,Self-emp-inc,216889,HS-grad,9,Sales,White,Male,0,1977,40,United-States,1
45,Private,45857,11th,7,Other-service,White,Female,0,0,36,United-States,0
62,Private,94318,Bachelors,13,Prof-specialty,White,Male,0,0,50,United-States,1
36,Private,33983,Assoc-voc,11,Adm-clerical,White,Male,0,0,42,United-States,1
48,Private,143299,HS-grad,9,Machine-op-inspct,Black,Male,0,0,40,United-States,0
53,Private,141388,HS-grad,9,Transport-moving,White,Male,0,0,40,United-States,1
45,Private,99179,11th,7,Adm-clerical,White,Female,0,0,40,United-States,0
29,Private,158096,Bachelors,13,Machine-op-inspct,White,Male,0,0,40,United-States,0
23,Private,208946,Bachelors,13,Sales,White,Male,0,0,40,United-States,0
57,Self-emp-inc,199768,HS-grad,9,Sales,White,Male,0,1902,30,United-States,1
28,Private,67386,HS-grad,9,Other-service,White,Female,0,0,40,United-States,0
32,Private,207668,Bachelors,13,Exec-managerial,White,Male,0,2444,50,United-States,1
21,Private,119309,Some-college,10,Tech-support,White,Male,0,1602,16,United-States,0
48,Private,149210,HS-grad,9,Craft-repair,Black,Male,0,0,45,United-States,0
47,Private,73064,7th-8th,4,Machine-op-inspct,Black,Female,0,0,35,United-States,0
21,Private,263641,HS-grad,9,Sales,White,Female,0,0,40,United-States,0
57,Private,161662,HS-grad,9,Craft-repair,White,Male,4650,0,40,United-States,0
19,Private,328167,HS-grad,9,Other-service,White,Male,0,0,35,United-States,0
38,Private,183683,10th,6,Other-service,White,Male,0,0,45,United-States,0
46,Private,501671,10th,6,Machine-op-inspct,Black,Male,0,0,40,United-States,0
27,Private,183523,Some-college,10,Transport-moving,White,Male,0,0,40,United-States,1
27,Private,380560,HS-grad,9,Farming-fishing,White,Male,0,0,40,Mexico,0
50,Private,158284,Some-college,10,Machine-op-inspct,White,Male,0,0,40,United-States,0
34,Private,199227,Some-college,10,Exec-managerial,White,Male,0,0,55,United-States,0
46,Private,234690,Bachelors,13,Adm-clerical,White,Male,0,0,40,Cuba,1
50,Private,195844,Assoc-acdm,12,Exec-managerial,White,Male,0,0,50,United-States,1
25,State-gov,81993,Bachelors,13,Prof-specialty,White,Male,0,0,46,United-States,0
30,Private,213722,Prof-school,15,Prof-specialty,White,Male,0,0,50,United-States,1
33,Private,229636,HS-grad,9,Craft-repair,White,Male,0,0,40,Mexico,0
23,Private,490645,Some-college,10,Prof-specialty,White,Male,2829,0,42,United-States,0
39,Private,177154,Bachelors,13,Sales,White,Male,15024,0,50,United-States,1
42,Private,152676,HS-grad,9,Exec-managerial,White,Male,0,0,40,United-States,0
43,Private,271807,Some-college,10,Craft-repair,White,Male,0,0,40,United-States,0
33,Private,152591,Some-college,10,Exec-managerial,White,Female,0,0,40,United-States,0
50,Private,98975,Bachelors,13,Exec-managerial,White,Male,15024,0,40,United-States,1
38,Private,186145,Some-college,10,Sales,White,Female,0,0,40,United-States,1
43,Private,108126,HS-grad,9,Other-service,White,Female,0,1762,24,United-States,0
20,Private,137618,Some-college,10,Transport-moving,White,Male,0,0,35,United-States,0
35,Private,156728,HS-grad,9,Farming-fishing,White,Male,0,0,40,United-States,0
26,Private,135603,Masters,14,Exec-managerial,White,Male,0,0,48,United-States,0
34,Private,193344,Some-college,10,Adm-clerical,White,Female,0,0,40,Germany,0
59,Self-emp-inc,31359,Masters,14,Exec-managerial,White,Male,15024,0,80,United-States,1
29,State-gov,382272,Bachelors,13,Craft-repair,White,Male,0,0,40,United-States,0
27,Private,108431,Some-college,10,Craft-repair,Black,Male,0,0,40,United-States,0
45,Private,192835,HS-grad,9,Other-service,White,Male,3942,0,40,United-States,0
43,Private,135606,Masters,14,Exec-managerial,White,Female,0,0,50,United-States,1
29,Private,370242,Some-college,10,Craft-repair,White,Male,0,0,40,United-States,0
46,Private,85109,Some-college,10,Machine-op-inspct,White,Male,0,1628,40,United-States,0
54,Private,220055,Bachelors,13,Sales,White,Female,0,0,40,United-States,0
30,Private,129707,Some-college,10,Sales,White,Male,0,1848,40,United-States,1
24,Private,320615,HS-grad,9,Sales,White,Male,0,2205,40,United-States,0
28,Private,132078,Bachelors,13,Prof-specialty,White,Female,0,0,40,United-States,0
18,Private,141918,HS-grad,9,Handlers-cleaners,White,Male,0,0,22,United-States,0
20,Private,74631,9th,5,Other-service,White,Female,0,0,40,United-States,0
31,Private,203488,Bachelors,13,Adm-clerical,White,Male,7298,0,50,United-States,1
40,Private,30682,HS-grad,9,Machine-op-inspct,White,Male,0,0,45,United-States,1
37,Private,179731,HS-grad,9,Other-service,White,Female,0,0,35,United-States,0
30,Private,87054,HS-grad,9,Craft-repair,White,Male,0,0,50,United-States,0
34,Private,113688,Some-college,10,Other-service,White,Female,0,0,34,United-States,0
47,Self-emp-inc,116927,HS-grad,9,Exec-managerial,White,Male,0,0,42,United-States,1
49,Private,209057,Some-college,10,Tech-support,White,Male,0,0,40,United-States,0
53,Private,290640,7th-8th,4,Craft-repair,Asian-Pac-Islander,Male,0,0,40,Vietnam,0
62,Private,109463,Some-college,10,Sales,White,Female,0,1617,33,United-States,0
39,Private,123945,HS-grad,9,Adm-clerical,White,Female,0,0,40,United-States,1
34,State-gov,189843,HS-grad,9,Adm-clerical,White,Male,0,0,40,United-States,0
59,Private,171015,Some-college,10,Adm-clerical,White,Female,0,0,34,United-States,0
34,Private,236318,HS-grad,9,Machine-op-inspct,White,Male,0,0,40,United-States,0
31,Private,38223,Bachelors,13,Sales,White,Male,0,0,45,United-States,0
60,Private,245062,HS-grad,9,Craft-repair,White,Male,0,0,40,United-States,1
20,Private,285295,Some-college,10,Machine-op-inspct,Asian-Pac-Islander,Female,0,0,40,,0
17,Private,120676,11th,7,Sales,White,Female,0,0,16,United-States,0
53,Private,198824,Bachelors,13,Exec-managerial,White,Female,0,0,40,United-States,0
52,Private,111192,Some-college,10,Machine-op-inspct,Amer-Indian-Eskimo,Male,0,0,40,United-States,0
47,Private,181307,Some-college,10,Sales,White,Male,99999,0,60,United-States,1
41,Private,205670,HS-grad,9,Adm-clerical,Black,Female,0,0,40,United-States,0
23,Private,362623,10th,6,Other-service,White,Male,0,1573,30,Mexico,0
51,Private,128272,9th,5,Machine-op-inspct,White,Male,0,0,45,United-States,0
44,Private,193524,Some-college,10,Prof-specialty,White,Male,0,0,40,United-States,0
43,Private,221550,Bachelors,13,Adm-clerical,White,Female,0,0,35,United-States,0
49,Private,196707,HS-grad,9,Machine-op-inspct,White,Male,7298,0,43,United-States,1
23,Private,168009,10th,6,Machine-op-inspct,Asian-Pac-Islander,Female,0,0,40,Vietnam,0
30,Private,99928,Bachelors,13,Sales,White,Female,0,0,40,United-States,0
31,Private,454508,11th,7,Craft-repair,White,Male,0,2001,40,United-States,0
34,Private,19847,HS-grad,9,Adm-clerical,White,Female,0,0,40,United-States,0
25,Private,224943,Some-college,10,Prof-specialty,Black,Male,0,0,40,United-States,0
20,Private,205839,Some-college,10,Other-service,White,Male,0,0,16,United-States,0
21,Private,283969,HS-grad,9,Other-service,White,Male,0,0,40,Mexico,0
56,Self-emp-inc,75214,Prof-school,15,Prof-specialty,White,Male,0,0,32,United-States,1
34,Private,169605,10th,6,Other-service,White,Female,0,0,36,United-States,0
53,Private,55139,HS-grad,9,Farming-fishing,White,Male,0,0,10,United-States,0
23,Private,188505,Bachelors,13,Other-service,White,Female,0,0,25,United-States,0
28,Private,211184,Some-college,10,Sales,White,Female,0,0,50,United-States,0
23,Private,38238,Bachelors,13,Other-service,White,Male,0,0,40,United-States,0
29,Private,150861,Some-college,10,Adm-clerical,White,Female,0,0,40,Japan,0
56,Private,133819,HS-grad,9,Prof-specialty,White,Female,0,0,40,United-States,0
23,Private,403107,5th-6th,3,Other-service,White,Male,0,0,40,El-Salvador,0
28,Private,272132,Prof-school,15,Prof-specialty,White,Female,0,0,65,,0
64,Private,121036,Some-college,10,Tech-support,White,Male,0,0,40,United-States,1
57,Private,142924,Bachelors,13,Exec-managerial,White,Female,0,0,40,United-States,0
24,Private,127647,Some-college,10,Adm-clerical,White,Female,0,0,35,United-States,0
30,Private,103649,Bachelors,13,Adm-clerical,Black,Female,0,0,40,United-States,1
30,State-gov,231043,Assoc-voc,11,Protective-serv,White,Male,0,0,40,United-States,0
42,Private,287244,HS-grad,9,Craft-repair,White,Male,0,0,55,United-States,0
19,Private,306225,HS-grad,9,Handlers-cleaners,White,Male,0,0,25,United-States,0
56,Private,190257,7th-8th,4,Handlers-cleaners,White,Male,0,0,40,United-States,0
58,Self-emp-inc,329793,Bachelors,13,Exec-managerial,White,Male,0,0,45,United-States,1
30,Private,333119,Some-college,10,Craft-repair,White,Male,0,0,40,United-States,0
34,Private,226443,HS-grad,9,Adm-clerical,White,Male,0,0,40,United-States,0
38,Private,99156,HS-grad,9,Other-service,White,Male,0,0,35,United-States,0
28,Private,175343,Bachelors,13,Sales,White,Male,0,0,40,United-States,0
37,Private,177181,HS-grad,9,Craft-repair,White,Male,0,0,40,United-States,0
44,Self-emp-inc,223881,HS-grad,9,Sales,White,Male,0,0,50,,1
18,Private,414166,12th,8,Other-service,Black,Female,0,0,32,United-States,0
50,Private,113176,HS-grad,9,Adm-clerical,White,Female,0,0,40,United-States,0
38,Private,296478,Assoc-voc,11,Craft-repair,White,Male,7298,0,40,United-States,1
38,Private,49020,HS-grad,9,Craft-repair,White,Male,0,0,40,United-States,0
30,Private,186932,Some-college,10,Sales,White,Male,0,0,75,United-States,0
26,Private,164386,HS-grad,9,Craft-repair,White,Male,0,0,48,United-States,0
27,State-gov,41115,Some-college,10,Craft-repair,Black,Male,0,0,40,United-States,0
46,Private,182128,Masters,14,Prof-specialty,White,Female,6497,0,50,United-States,0
25,Private,153841,Some-college,10,Adm-clerical,White,Female,0,0,40,United-States,0
32,Private,171813,Bachelors,13,Prof-specialty,White,Female,0,0,40,United-States,0
37,Self-emp-inc,342084,Some-college,10,Exec-managerial,White,Male,0,0,60,United-States,1
17,Private,153021,Some-college,10,Adm-clerical,White,Female,0,0,6,United-States,0
51,Private,123429,HS-grad,9,Craft-repair,White,Male,15024,0,40,United-States,1
23,Private,381679,Some-college,10,Tech-support,White,Female,0,0,40,United-States,0
21,Private,316184,HS-grad,9,Other-service,Black,Male,0,0,40,United-States,0
46,Private,186078,Some-college,10,Machine-op-inspct,White,Female,0,0,45,United-States,0
26,Private,214069,HS-grad,9,Farming-fishing,White,Male,0,0,40,United-States,0
35,Private,239755,Bachelors,13,Other-service,White,Male,0,0,38,United-States,0
36,Private,177907,Bachelors,13,Other-service,White,Male,2176,0,20,,0
62,Private,664366,Bachelors,13,Sales,White,Male,0,0,60,United-States,1
33,Private,175479,5th-6th,3,Other-service,White,Female,0,0,40,Mexico,0
31,Private,324386,11th,7,Craft-repair,White,Male,0,0,40,United-States,0
24,Private,200819,12th,8,Sales,White,Male,0,0,40,United-States,0
31,Private,43819,Bachelors,13,Exec-managerial,White,Female,0,0,40,United-States,1
27,Private,193122,HS-grad,9,Machine-op-inspct,White,Male,0,0,40,United-States,0
33,Private,160594,Some-college,10,Exec-managerial,White,Male,7298,0,40,United-States,1
24,Private,268525,Bachelors,13,Adm-clerical,White,Male,0,0,32,United-States,0
40,Private,135056,HS-grad,9,Adm-clerical,White,Female,0,0,45,United-States,0
23,Private,131230,HS-grad,9,Other-service,White,Male,0,0,20,United-States,0
28,Private,335542,HS-grad,9,Other-service,White,Female,0,1628,50,United-States,0
38,Private,165579,HS-grad,9,Tech-support,White,Male,0,0,45,United-States,0
21,Private,99199,HS-grad,9,Machine-op-inspct,White,Male,0,0,32,United-States,0
71,Private,163385,Some-college,10,Sales,White,Male,0,0,35,United-States,1
17,Private,238628,11th,7,Other-service,White,Female,0,0,5,United-States,0
42,Private,107563,HS-grad,9,Transport-moving,White,Male,0,0,40,United-States,1
21,Private,119704,Some-college,10,Sales,White,Female,0,0,35,United-States,0
69,Private,125437,HS-grad,9,Other-service,White,Female,0,0,32,United-States,0
23,Private,347867,Bachelors,13,Adm-clerical,White,Male,0,0,30,United-States,0
54,Private,195015,HS-grad,9,Adm-clerical,White,Female,0,0,40,United-States,0
18,Private,27620,HS-grad,9,Exec-managerial,White,Female,0,0,30,United-States,0
47,Private,155509,HS-grad,9,Other-service,Black,Female,0,0,35,United-States,0
41,Private,152958,HS-grad,9,Craft-repair,White,Male,0,0,40,United-States,1
18,Private,163332,HS-grad,9,Sales,White,Female,0,0,22,United-States,0
29,Private,34292,HS-grad,9,Other-service,White,Male,0,0,38,United-States,0
54,Self-emp-inc,175339,Bachelors,13,Sales,White,Male,0,2415,40,United-States,1
49,Private,143459,9th,5,Handlers-cleaners,White,Male,0,0,38,United-States,0
46,Private,34377,Assoc-acdm,12,Craft-repair,White,Male,0,0,40,United-States,1
38,Private,114059,Some-college,10,Sales,White,Male,0,0,60,United-States,0
35,Private,125933,Bachelors,13,Sales,White,Male,0,0,60,United-States,1
32,Private,173351,HS-grad,9,Craft-repair,White,Male,0,0,48,United-States,0
38,Private,108726,HS-grad,9,Exec-managerial,White,Male,0,0,40,United-States,1
64,Private,181232,11th,7,Craft-repair,White,Male,0,2179,40,United-States,0
18,Private,135924,HS-grad,9,Adm-clerical,White,Male,0,0,20,United-States,0
42,Self-emp-inc,173628,Bachelors,13,Sales,White,Male,0,0,45,United-States,0
19,Private,210509,Some-college,10,Adm-clerical,White,Female,0,0,30,United-States,0
24,Private,176486,Bachelors,13,Other-service,White,Female,0,0,40,United-States,0
23,Private,257509,Some-college,10,Sales,White,Male,0,0,25,United-States,0
36,Private,290560,Some-college,10,Exec-managerial,White,Male,0,0,45,United-States,0
38,Private,65324,Prof-school,15,Prof-specialty,White,Male,0,0,40,United-States,1
29,Private,87905,HS-grad,9,Other-service,White,Male,10520,0,40,United-States,1
31,Private,180656,Bachelors,13,Other-service,White,Male,0,0,40,,0
28,Private,250135,HS-grad,9,Prof-specialty,White,Female,0,0,40,United-States,0
31,Private,128065,11th,7,Farming-fishing,White,Male,0,0,55,United-States,1
38,Private,101192,Some-college,10,Other-service,White,Male,0,0,40,United-States,0
41,State-gov,88913,Assoc-acdm,12,Prof-specialty,Asian-Pac-Islander,Female,0,0,36,United-States,0
27,Private,155057,Some-college,10,Prof-specialty,White,Male,0,0,50,United-States,1
22,Private,60783,10th,6,Craft-repair,White,Male,0,0,15,United-States,0
38,Self-emp-inc,125645,Some-college,10,Sales,White,Male,0,0,50,United-States,1
38,Private,238980,Some-college,10,Other-service,White,Male,0,0,40,United-States,0
26,Private,57600,Bachelors,13,Prof-specialty,White,Male,0,0,40,United-States,0
37,Private,215476,HS-grad,9,Handlers-cleaners,Black,Female,0,0,30,United-States,0
38,State-gov,143517,Bachelors,13,Exec-managerial,White,Male,0,0,40,United-States,0
17,Private,262511,11th,7,Sales,White,Male,0,0,20,United-States,0
48,Private,233802,Masters,14,Exec-managerial,Black,Male,0,0,45,United-States,0
49,Private,110669,10th,6,Machine-op-inspct,White,Female,0,0,32,United-States,0
32,State-gov,177216,Bachelors,13,Prof-specialty,White,Female,0,0,40,United-States,0
38,Private,127493,Assoc-acdm,12,Sales,White,Female,0,0,35,United-States,0
34,Private,259818,HS-grad,9,Other-service,Black,Female,0,0,40,United-States,0
23,Private,347873,Assoc-acdm,12,Prof-specialty,Asian-Pac-Islander,Female,0,0,30,Vietnam,0
17,Private,141445,10th,6,Other-service,White,Male,0,0,30,United-States,0
38,Private,176101,Bachelors,13,Exec-managerial,White,Male,0,0,40,United-States,0
50,Private,213296,Some-college,10,Craft-repair,White,Male,0,0,48,United-States,1
25,Private,479765,7th-8th,4,Sales,White,Male,0,0,45,Guatemala,0
24,Private,345066,HS-grad,9,Handlers-cleaners,Black,Female,0,0,50,United-States,0
19,Private,197861,12th,8,Craft-repair,White,Male,0,0,15,United-States,0
40,Private,110009,10th,6,Machine-op-inspct,White,Male,0,0,40,,0
35,Private,111387,9th,5,Craft-repair,White,Male,0,0,40,United-States,0
41,Private,198196,HS-grad,9,Transport-moving,White,Male,0,0,40,United-States,0
22,Private,257017,Assoc-voc,11,Other-service,Black,Male,0,0,52,United-States,0
43,State-gov,134782,Assoc-acdm,12,Other-service,White,Female,0,0,30,United-States,0
25,Private,129806,HS-grad,9,Machine-op-inspct,White,Male,0,0,48,United-States,0
37,Private,103986,Bachelors,13,Prof-specialty,White,Male,7688,0,39,United-States,1
37,Private,328466,HS-grad,9,Craft-repair,White,Male,0,0,72,Mexico,0
77,Private,123959,HS-grad,9,Adm-clerical,White,Female,0,0,32,United-States,0
46,Private,65353,Some-college,10,Transport-moving,White,Male,3325,0,55,United-States,0
18,Private,130389,11th,7,Other-service,White,Male,0,0,20,Scotland,0
21,Private,203178,HS-grad,9,Sales,White,Female,0,0,35,United-States,0
34,Private,181152,HS-grad,9,Adm-clerical,Black,Female,0,0,35,United-States,0
41,Private,112283,HS-grad,9,Craft-repair,White,Male,0,0,60,United-States,1
37,Private,167482,HS-grad,9,Machine-op-inspct,White,Male,0,0,40,United-States,0
47,Private,111994,HS-grad,9,Other-service,White,Male,0,0,34,United-States,0
30,Private,207253,Assoc-voc,11,Craft-repair,White,Male,0,0,40,England,0
45,Private,297676,Assoc-acdm,12,Sales,White,Female,0,0,40,Cuba,0
39,Private,200153,Bachelors,13,Adm-clerical,White,Male,0,0,40,United-States,0
52,Self-emp-inc,146574,Prof-school,15,Prof-specialty,White,Male,0,0,40,United-States,1
54,Private,104501,Some-college,10,Sales,White,Male,15024,0,40,United-States,1
37,Private,181705,Assoc-voc,11,Craft-repair,White,Male,0,0,40,United-States,0
59,Private,261232,11th,7,Farming-fishing,White,Male,0,0,40,United-States,0
24,Private,106085,HS-grad,9,Other-service,Black,Male,0,1721,30,United-States,0
21,Private,265356,Some-college,10,Sales,White,Male,0,0,40,United-States,0
21,Private,204596,Assoc-acdm,12,Adm-clerical,White,Female,0,0,8,United-States,0
23,Private,372898,HS-grad,9,Sales,White,Female,0,0,40,United-States,0
48,Private,102202,HS-grad,9,Sales,White,Female,0,0,50,United-States,0
38,Private,60355,HS-grad,9,Adm-clerical,White,Female,0,0,40,United-States,0
21,Private,203924,Some-college,10,Adm-clerical,White,Male,2597,0,45,United-States,0
21,Private,206354,HS-grad,9,Other-service,Black,Female,0,0,35,United-States,0
54,Private,283281,7th-8th,4,Craft-repair,Black,Male,0,0,50,United-States,0
28,State-gov,73211,Some-college,10,Adm-clerical,Asian-Pac-Islander,Male,0,0,20,United-States,0
51,Private,123053,Masters,14,Prof-specialty,Asian-Pac-Islander,Male,5013,0,40,India,0
27,Private,169117,Some-college,10,Adm-clerical,Black,Female,0,0,30,United-States,0
23,Private,162228,Bachelors,13,Sales,White,Male,0,0,48,United-States,0
19,Private,375114,HS-grad,9,Craft-repair,White,Female,0,0,40,United-States,0
37,Private,188069,HS-grad,9,Machine-op-inspct,White,Male,0,0,40,United-States,0
46,Private,173461,Some-college,10,Sales,White,Female,0,0,40,United-States,1
40,Private,170413,HS-grad,9,Adm-clerical,White,Female,0,1741,40,United-States,0
47,Private,318360,Assoc-acdm,12,Exec-managerial,White,Female,0,0,55,United-States,1
32,Private,131568,Some-college,10,Machine-op-inspct,White,Male,0,0,40,United-States,0
32,Private,208291,HS-grad,9,Sales,White,Male,0,0,50,United-States,0
30,Private,112650,HS-grad,9,Craft-repair,White,Male,0,0,40,United-States,0
37,Private,75024,HS-grad,9,Sales,White,Female,0,0,25,Canada,0
53,Private,283602,Bachelors,13,Sales,White,Female,13550,0,43,United-States,1
38,Private,166585,Bachelors,13,Exec-managerial,White,Female,0,0,55,United-States,0
17,Private,240143,11th,7,Craft-repair,White,Male,0,0,30,United-States,0
39,Private,30916,HS-grad,9,Craft-repair,White,Male,0,0,40,United-States,0
22,Private,39615,Some-college,10,Prof-specialty,White,Male,0,0,45,United-States,0
35,Private,377798,Bachelors,13,Prof-specialty,White,Male,0,0,50,United-States,1
72,Private,205343,11th,7,Adm-clerical,White,Female,0,0,40,United-States,0
26,Private,165673,HS-grad,9,Sales,White,Male,0,0,40,United-States,0
19,Private,218956,Some-college,10,Tech-support,White,Male,0,0,20,United-States,0
25,Private,193787,Some-college,10,Tech-support,White,Female,0,0,40,United-States,0
49,Private,247294,HS-grad,9,Craft-repair,White,Male,0,0,45,United-States,1
39,Private,148485,Some-college,10,Craft-repair,White,Male,0,0,50,United-States,0
56,Private,247119,7th-8th,4,Machine-op-inspct,Other,Female,0,0,40,Dominican-Republic,0
42,State-gov,148316,Assoc-voc,11,Protective-serv,White,Male,0,0,40,United-States,1
44,Self-emp-inc,57233,Some-college,10,Craft-repair,White,Male,0,0,40,United-States,1
27,Private,55390,Some-college,10,Farming-fishing,White,Male,0,0,45,United-States,0
25,Private,108542,Bachelors,13,Exec-managerial,White,Male,0,0,35,United-States,0
38,Private,252250,11th,7,Machine-op-inspct,White,Male,0,0,65,United-States,0
37,Private,37109,HS-grad,9,Other-service,Asian-Pac-Islander,Female,0,0,60,Philippines,0
53,Private,227602,HS-grad,9,Sales,White,Female,0,0,37,Mexico,0
36,Private,193815,Some-college,10,Craft-repair,White,Male,0,0,50,United-States,1
20,Private,315877,HS-grad,9,Other-service,White,Male,0,2001,40,United-States,0
47,Private,155659,Some-college,10,Craft-repair,White,Male,7688,0,55,United-States,1
42,Private,184837,HS-grad,9,Machine-op-inspct,White,Female,7298,0,40,United-States,1
43,State-gov,99185,Bachelors,13,Prof-specialty,White,Female,0,0,40,United-States,0
33,Private,198727,HS-grad,9,Tech-support,White,Female,0,0,40,United-States,0
22,Private,316304,Some-college,10,Farming-fishing,White,Male,0,0,50,United-States,0
30,Private,19678,Bachelors,13,Sales,Asian-Pac-Islander,Female,0,0,60,Philippines,1
55,Private,282753,5th-6th,3,Other-service,Black,Male,0,0,25,United-States,0
57,Private,174353,HS-grad,9,Exec-managerial,White,Male,0,0,40,United-States,0
25,Private,211424,Bachelors,13,Exec-managerial,White,Male,0,0,40,United-States,0
22,Private,344176,HS-grad,9,Sales,White,Male,0,0,20,United-States,0
41,Private,75012,HS-grad,9,Machine-op-inspct,White,Male,0,0,50,United-States,0
37,Private,294919,Some-college,10,Transport-moving,White,Male,0,0,40,United-States,0
46,Private,106662,Bachelors,13,Sales,White,Male,99999,0,55,United-States,1
25,Private,125159,Assoc-acdm,12,Handlers-cleaners,Black,Male,0,0,40,Jamaica,0
43,Private,244419,HS-grad,9,Machine-op-inspct,Black,Female,0,0,40,United-States,0
20,Private,236804,HS-grad,9,Adm-clerical,White,Male,0,0,40,United-States,0
50,Private,190762,5th-6th,3,Handlers-cleaners,White,Male,0,0,40,Mexico,0
22,Private,161638,HS-grad,9,Machine-op-inspct,White,Female,0,0,40,Columbia,0
26,Private,139116,Some-college,10,Other-service,Black,Female,0,0,50,United-States,0
41,Private,29762,HS-grad,9,Craft-repair,White,Male,0,0,52,United-States,1
48,Private,108699,HS-grad,9,Adm-clerical,White,Female,0,0,40,United-States,0
61,Private,228287,HS-grad,9,Craft-repair,White,Male,0,0,50,United-States,0
21,Private,99970,Some-college,10,Sales,White,Male,0,0,15,United-States,0
44,Self-emp-inc,153132,Bachelors,13,Exec-managerial,White,Male,7688,0,52,United-States,1
51,Private,280292,HS-grad,9,Sales,White,Male,0,0,40,United-States,0
38,State-gov,239539,HS-grad,9,Machine-op-inspct,Asian-Pac-Islander,Male,0,0,40,Philippines,0
27,Private,333296,Bachelors,13,Other-service,White,Male,0,0,30,,0
40,Self-emp-inc,37869,HS-grad,9,Exec-managerial,White,Male,0,0,50,United-States,0
73,Private,573446,Some-college,10,Prof-specialty,White,Male,0,0,15,United-States,0
65,Private,95644,Assoc-acdm,12,Sales,White,Female,0,0,40,United-States,0
59,Private,75541,HS-grad,9,Craft-repair,White,Female,0,0,40,United-States,0
57,Private,161097,HS-grad,9,Sales,White,Female,0,0,26,United-States,0
51,Private,229225,Masters,14,Other-service,Black,Female,0,0,18,United-States,1
35,Private,282979,HS-grad,9,Sales,White,Male,5178,0,50,United-States,1
25,Private,181666,Assoc-acdm,12,Tech-support,White,Female,0,0,40,United-States,0
28,Private,191935,Assoc-acdm,12,Sales,White,Male,0,0,20,United-States,0
48,Private,168038,Some-college,10,Exec-managerial,White,Male,0,1564,50,United-States,1
25,Private,177147,Some-college,10,Handlers-cleaners,White,Male,0,0,40,United-States,0
21,Private,205844,Some-college,10,Sales,Black,Female,0,0,25,United-States,0
38,Private,196123,Some-college,10,Prof-specialty,White,Male,0,0,40,United-States,0
34,Private,228386,HS-grad,9,Craft-repair,Black,Female,0,0,70,United-States,0
59,Private,168569,Prof-school,15,Prof-specialty,White,Male,0,0,50,United-States,0
41,Private,82049,HS-grad,9,Craft-repair,White,Male,0,0,40,United-States,1
49,Private,43348,Masters,14,Prof-specialty,White,Male,0,0,40,United-States,1
36,State-gov,147258,Some-college,10,Transport-moving,White,Male,0,0,60,United-States,0
35,Private,98776,HS-grad,9,Exec-managerial,White,Male,0,0,60,United-States,0
39,Private,273362,HS-grad,9,Craft-repair,White,Male,0,0,40,United-States,1
30,Private,200700,Some-college,10,Sales,White,Male,0,0,40,United-States,0
46,Private,174995,HS-grad,9,Adm-clerical,White,Female,0,0,45,United-States,0
55,Private,129762,HS-grad,9,Other-service,White,Female,0,0,40,Scotland,0
42,Private,511068,Bachelors,13,Prof-specialty,White,Male,7688,0,40,United-States,1
47,Private,358382,HS-grad,9,Other-service,Black,Male,0,0,40,United-States,0
26,Private,220656,HS-grad,9,Adm-clerical,Black,Male,0,0,40,United-States,0
60,Private,140516,Some-college,10,Exec-managerial,White,Female,0,0,40,United-States,0
19,Private,208066,Some-college,10,Sales,White,Female,0,0,20,United-States,0
49,State-gov,336509,10th,6,Other-service,White,Male,0,0,40,United-States,0
45,Private,255014,Some-college,10,Craft-repair,White,Male,0,0,55,United-States,1
47,Private,146497,Some-college,10,Adm-clerical,White,Female,0,0,16,Germany,0
40,Private,50524,12th,8,Craft-repair,White,Male,0,0,40,United-States,0
18,Private,261714,Some-college,10,Sales,White,Female,0,0,15,United-States,0
42,Private,251229,Bachelors,13,Transport-moving,White,Male,0,0,40,United-States,0
40,Private,91959,Bachelors,13,Prof-specialty,White,Male,0,0,46,United-States,1
28,Private,251905,Masters,14,Sales,White,Male,0,0,42,United-States,0
27,Private,193898,HS-grad,9,Craft-repair,White,Male,0,0,50,United-States,0
46,Private,254367,HS-grad,9,Transport-moving,White,Male,0,1590,48,United-States,0
45,Private,163174,11th,7,Machine-op-inspct,White,Male,4386,0,40,United-States,1
29,Private,32897,HS-grad,9,Other-service,White,Female,0,0,25,United-States,0
47,Private,191277,HS-grad,9,Transport-moving,White,Male,0,0,50,United-States,1
44,Private,310255,Some-college,10,Craft-repair,White,Male,0,0,60,United-States,1
51,Private,158508,Some-college,10,Exec-managerial,White,Female,0,0,36,United-States,0
46,Self-emp-inc,285335,Some-college,10,Sales,White,Male,0,0,60,United-States,1
23,Private,224716,Some-college,10,Sales,White,Male,0,0,35,United-States,0
34,Private,219619,HS-grad,9,Handlers-cleaners,White,Male,0,0,40,United-States,0
24,Private,278130,Assoc-voc,11,Machine-op-inspct,White,Male,0,0,40,United-States,0
27,Self-emp-inc,233724,HS-grad,9,Adm-clerical,White,Male,0,0,38,United-States,0
27,Private,189775,HS-grad,9,Adm-clerical,Black,Female,0,0,40,United-States,0
37,Self-emp-inc,51264,Assoc-voc,11,Sales,White,Male,0,0,40,United-States,1
59,Private,157305,Preschool,1,Machine-op-inspct,White,Male,0,0,40,Dominican-Republic,0
31,Private,97723,Assoc-acdm,12,Craft-repair,White,Male,0,0,40,United-States,1
35,Private,98948,Bachelors,13,Other-service,White,Female,0,0,32,United-States,0
61,Private,182163,Some-college,10,Prof-specialty,White,Male,0,1902,40,United-States,1
58,State-gov,179089,Bachelors,13,Adm-clerical,White,Female,0,0,40,United-States,0
20,Private,146538,HS-grad,9,Machine-op-inspct,White,Male,0,0,40,United-States,0
59,Private,59584,HS-grad,9,Machine-op-inspct,Black,Male,0,0,40,United-States,0
30,Private,114691,Bachelors,13,Adm-clerical,White,Male,0,0,40,United-States,0
20,Private,379198,HS-grad,9,Other-service,Other,Male,0,0,40,Mexico,0
40,Private,280362,HS-grad,9,Transport-moving,White,Male,0,0,35,United-States,0
21,Private,235442,HS-grad,9,Adm-clerical,White,Male,0,0,40,United-States,0
51,Private,313146,HS-grad,9,Machine-op-inspct,White,Male,0,0,40,United-States,0
64,Private,144182,HS-grad,9,Prof-specialty,White,Female,0,0,23,United-States,0
60,Private,197311,HS-grad,9,Priv-house-serv,White,Female,0,0,99,United-States,0
39,Private,183892,HS-grad,9,Machine-op-inspct,White,Male,0,0,40,United-States,0
63,Private,237620,HS-grad,9,Craft-repair,White,Male,0,0,30,United-States,0
27,Private,327766,Some-college,10,Craft-repair,White,Male,0,0,45,United-States,0
55,Private,145214,Some-college,10,Adm-clerical,White,Female,4650,0,20,United-States,0
25,Private,143267,HS-grad,9,Adm-clerical,White,Female,0,0,48,United-States,0
24,State-gov,123160,Masters,14,Prof-specialty,Asian-Pac-Islander,Female,0,0,10,China,0
29,Private,114158,Bachelors,13,Tech-support,White,Female,0,0,40,United-States,0
27,Private,97490,Some-college,10,Craft-repair,White,Female,0,0,40,United-States,0
32,Private,295117,Bachelors,13,Exec-managerial,Black,Male,0,0,40,England,1
36,Private,120204,HS-grad,9,Tech-support,White,Female,0,0,40,United-States,0
33,Private,473133,Doctorate,16,Prof-specialty,White,Male,15024,0,50,United-States,1
18,Private,152182,Some-college,10,Other-service,White,Female,0,0,25,United-States,0
31,Private,203488,Bachelors,13,Sales,White,Male,0,1977,45,United-States,1
20,Private,228686,11th,7,Other-service,White,Male,0,0,40,United-States,0
40,Private,24038,Bachelors,13,Exec-managerial,White,Female,0,0,55,United-States,0
39,Private,258102,Some-college,10,Handlers-cleaners,White,Male,0,0,50,United-States,0
75,Private,239038,Some-college,10,Transport-moving,White,Male,0,0,16,United-States,0
44,Private,185602,Assoc-voc,11,Exec-managerial,White,Female,0,0,40,United-States,0
26,Private,51961,Bachelors,13,Adm-clerical,Black,Male,0,0,20,United-States,0
36,Private,111377,10th,6,Craft-repair,White,Male,0,0,40,United-States,0
20,Private,312017,Some-college,10,Protective-serv,White,Male,0,0,40,Germany,0
31,Private,175985,Some-college,10,Exec-managerial,White,Female,0,0,50,United-States,0
60,Private,532845,1st-4th,2,Craft-repair,White,Male,0,0,40,Mexico,1
25,Private,178326,Some-college,10,Sales,White,Female,0,0,40,United-States,0
29,Private,176723,Some-college,10,Sales,White,Female,0,0,25,United-States,0
28,Private,138054,Assoc-acdm,12,Other-service,Other,Male,0,0,40,United-States,0
55,Self-emp-inc,124137,Some-college,10,Sales,White,Male,0,0,40,United-States,1
45,Private,139571,HS-grad,9,Craft-repair,White,Male,0,0,50,United-States,1
52,Private,35598,HS-grad,9,Transport-moving,White,Male,0,0,40,United-States,0
35,Private,227571,7th-8th,4,Handlers-cleaners,White,Male,0,0,40,Mexico,0
63,Private,188999,HS-grad,9,Craft-repair,White,Male,0,0,48,United-States,0
35,Private,192923,HS-grad,9,Craft-repair,White,Male,0,2377,40,United-States,0
29,Private,108431,Assoc-voc,11,Exec-managerial,Black,Male,0,2415,40,United-States,1
42,Private,121264,Assoc-voc,11,Prof-specialty,White,Male,0,0,40,United-States,1
49,Private,202053,HS-grad,9,Sales,White,Female,0,0,32,United-States,0
49,Private,191320,HS-grad,9,Other-service,White,Female,0,0,24,United-States,0
39,Private,177277,HS-grad,9,Machine-op-inspct,White,Male,0,0,45,United-States,1
43,Private,226902,HS-grad,9,Sales,White,Male,0,0,80,United-States,1
39,Private,231141,HS-grad,9,Machine-op-inspct,White,Male,2829,0,40,United-States,0
24,Private,190293,Bachelors,13,Prof-specialty,White,Female,0,0,40,United-States,0
21,Private,97212,HS-grad,9,Other-service,White,Female,0,2001,25,United-States,0
28,Private,180313,Bachelors,13,Adm-clerical,White,Female,0,0,40,United-States,0
19,Private,63434,12th,8,Farming-fishing,White,Female,0,0,30,United-States,0
37,Private,112264,HS-grad,9,Transport-moving,White,Male,0,0,40,United-States,0
55,Private,27227,Some-college,10,Other-service,White,Male,0,1977,35,United-States,1
35,State-gov,106448,Masters,14,Prof-specialty,White,Male,0,0,45,United-States,0
35,Private,235485,Bachelors,13,Exec-managerial,White,Male,0,0,40,United-States,1
35,Private,169638,Some-college,10,Sales,White,Female,0,0,36,United-States,0
31,Private,131633,HS-grad,9,Craft-repair,White,Male,0,0,40,United-States,0
49,Private,60751,HS-grad,9,Protective-serv,White,Male,0,0,40,United-States,0
27,Self-emp-inc,190911,HS-grad,9,Sales,White,Male,0,0,45,United-States,0
49,Private,90907,Some-college,10,Adm-clerical,Asian-Pac-Islander,Male,0,0,40,Outlying-US(Guam-USVI-etc),1
38,Private,65291,Bachelors,13,Tech-support,White,Female,0,0,24,United-States,0
55,Private,171015,HS-grad,9,Sales,White,Female,0,0,40,United-States,0
21,Private,196074,9th,5,Other-service,White,Male,0,0,40,United-States,0
55,Private,393768,Assoc-voc,11,Exec-managerial,White,Male,0,0,40,United-States,0
44,Private,114753,Some-college,10,Tech-support,White,Female,0,0,38,United-States,0
43,Private,26915,Assoc-voc,11,Exec-managerial,White,Male,0,0,45,United-States,1
29,Private,107458,Bachelors,13,Sales,White,Male,0,0,50,United-States,0
55,Self-emp-inc,79662,HS-grad,9,Transport-moving,White,Male,0,0,60,United-States,0
51,Private,178693,Bachelors,13,Sales,White,Male,0,0,50,United-States,1
38,Private,31603,Bachelors,13,Craft-repair,White,Female,0,0,40,United-States,0
18,Private,215190,12th,8,Sales,White,Female,0,0,20,United-States,0
51,Private,97005,HS-grad,9,Craft-repair,White,Male,0,0,40,United-States,0
37,Private,184659,HS-grad,9,Machine-op-inspct,White,Male,5013,0,44,United-States,0
38,Private,309230,Some-college,10,Craft-repair,White,Male,0,0,40,United-States,1
57,Private,71367,HS-grad,9,Other-service,White,Female,0,0,40,United-States,0
47,Private,70209,HS-grad,9,Adm-clerical,White,Female,0,0,40,United-States,0
50,Private,198362,Assoc-voc,11,Exec-managerial,White,Female,0,0,40,United-States,0
20,Private,116666,Some-college,10,Sales,Asian-Pac-Islander,Male,0,0,8,India,0
28,Private,303954,HS-grad,9,Craft-repair,White,Male,0,1848,42,United-States,1
33,Private,83231,HS-grad,9,Other-service,White,Female,0,0,40,United-States,0
40,Private,223277,Bachelors,13,Adm-clerical,White,Male,0,0,50,United-States,1
21,Private,236696,Some-college,10,Other-service,White,Male,0,0,57,United-States,0
28,Private,178489,Bachelors,13,Exec-managerial,Black,Female,0,0,45,,0
21,Private,170456,Assoc-acdm,12,Handlers-cleaners,White,Male,0,0,15,United-States,0
41,Private,212894,5th-6th,3,Handlers-cleaners,White,Male,0,0,40,Guatemala,0
36,Private,173804,Some-college,10,Sales,White,Female,0,0,35,United-States,0
36,Private,151835,HS-grad,9,Other-service,White,Male,0,0,60,United-States,1
34,Private,152493,HS-grad,9,Transport-moving,White,Male,0,0,60,United-States,0
29,Private,187746,Some-college,10,Other-service,White,Female,0,0,40,United-States,0
45,Private,167617,Some-college,10,Other-service,White,Male,0,0,40,United-States,0
30,Private,327202,12th,8,Craft-repair,Black,Male,0,0,40,United-States,0
42,Private,121055,Bachelors,13,Sales,White,Male,0,0,60,United-States,0
25,Private,161631,Some-college,10,Craft-repair,White,Male,0,0,40,United-States,0
31,Private,198103,HS-grad,9,Machine-op-inspct,White,Male,0,0,40,United-States,0
45,Private,301802,Bachelors,13,Transport-moving,White,Male,0,0,50,United-States,1
29,Private,37933,12th,8,Other-service,Black,Female,0,0,40,United-States,0
42,Private,296749,Some-college,10,Machine-op-inspct,White,Male,0,0,45,United-States,0
68,Private,117236,Bachelors,13,Exec-managerial,White,Male,20051,0,45,United-States,1
37,Private,246677,HS-grad,9,Prof-specialty,White,Female,0,0,38,United-States,0
40,Private,388725,Some-college,10,Exec-managerial,White,Male,0,0,40,United-States,0
28,Private,274679,Masters,14,Prof-specialty,White,Male,0,0,50,United-States,0
19,Private,574271,HS-grad,9,Handlers-cleaners,White,Male,0,0,28,United-States,0
40,Private,95639,HS-grad,9,Handlers-cleaners,Amer-Indian-Eskimo,Male,0,0,45,United-States,0
65,Private,115922,11th,7,Handlers-cleaners,White,Male,0,0,24,United-States,0
54,Private,254152,HS-grad,9,Prof-specialty,White,Male,0,0,40,United-States,0
43,Private,128212,5th-6th,3,Machine-op-inspct,Asian-Pac-Islander,Female,0,0,40,Vietnam,1
48,Private,398843,Some-college,10,Sales,Black,Female,0,0,35,United-States,0
55,State-gov,294395,Assoc-voc,11,Prof-specialty,White,Female,6849,0,40,United-States,0
35,State-gov,223725,Assoc-acdm,12,Prof-specialty,White,Male,0,0,65,United-States,0
52,Private,123780,HS-grad,9,Adm-clerical,White,Female,0,0,38,United-States,0
22,Private,83998,Some-college,10,Sales,White,Male,0,0,40,United-States,0
34,Private,146161,Bachelors,13,Prof-specialty,White,Male,0,0,60,United-States,1
24,Private,744929,HS-grad,9,Exec-managerial,Black,Female,0,0,40,United-States,0
52,State-gov,189728,HS-grad,9,Other-service,White,Female,0,0,35,United-States,0
25,Private,67240,Bachelors,13,Prof-specialty,White,Male,0,0,35,United-States,0
48,Private,128796,Assoc-acdm,12,Exec-managerial,White,Male,0,0,40,United-States,1
31,Private,214235,HS-grad,9,Other-service,White,Male,0,0,65,United-States,0
40,Private,75615,HS-grad,9,Sales,Black,Male,0,0,43,United-States,0
46,Private,33794,Some-college,10,Prof-specialty,White,Male,0,0,10,United-States,0
23,Private,543028,HS-grad,9,Sales,Black,Male,0,0,40,United-States,0
23,Private,98283,Bachelors,13,Exec-managerial,Asian-Pac-Islander,Male,0,0,40,United-States,0
52,Private,266138,Bachelors,13,Exec-managerial,White,Male,0,0,40,,1
40,State-gov,13492,HS-grad,9,Protective-serv,Amer-Indian-Eskimo,Male,0,0,84,United-States,0
44,Private,110396,Masters,14,Exec-managerial,White,Male,14084,0,56,United-States,1
27,Private,129629,Assoc-voc,11,Tech-support,White,Female,0,0,36,United-States,0
29,Private,275110,Some-college,10,Handlers-cleaners,Black,Male,0,0,42,United-States,0
30,Private,209317,HS-grad,9,Machine-op-inspct,White,Male,0,0,50,Dominican-Republic,0
54,Private,329733,HS-grad,9,Exec-managerial,White,Male,0,0,40,United-States,1
45,Self-emp-inc,40666,Prof-school,15,Prof-specialty,White,Male,0,0,55,United-States,1
50,Private,102346,HS-grad,9,Adm-clerical,White,Female,0,0,36,,0
36,Private,197860,HS-grad,9,Other-service,Black,Female,0,0,40,Haiti,0
30,Private,131415,Bachelors,13,Priv-house-serv,White,Female,0,0,60,United-States,0
45,State-gov,130206,HS-grad,9,Adm-clerical,White,Female,0,0,40,United-States,0
29,State-gov,188986,Assoc-voc,11,Tech-support,White,Female,0,1590,64,United-States,0
18,Private,42857,Some-college,10,Sales,White,Female,0,0,20,United-States,0
39,Private,356838,HS-grad,9,Farming-fishing,White,Male,0,0,12,United-States,0
19,Private,283945,HS-grad,9,Other-service,White,Male,0,0,35,United-States,0
51,Private,76044,Masters,14,Prof-specialty,Other,Male,4787,0,35,Mexico,1
45,Private,186473,HS-grad,9,Adm-clerical,White,Female,0,0,40,United-States,0
38,Private,33983,Some-college,10,Transport-moving,White,Male,0,0,40,United-States,0
43,Private,156771,10th,6,Adm-clerical,White,Male,0,0,40,United-States,0
42,Private,296982,Some-college,10,Sales,White,Male,0,0,40,United-States,0
52,Private,22154,Some-college,10,Sales,White,Male,0,0,40,United-States,0
27,Private,79661,HS-grad,9,Sales,White,Male,4386,0,40,United-States,1
60,Private,85815,HS-grad,9,Craft-repair,Asian-Pac-Islander,Male,0,0,40,United-States,0
67,Private,229709,HS-grad,9,Sales,White,Female,0,0,40,United-States,0
29,Self-emp-inc,156815,HS-grad,9,Other-service,White,Male,0,0,40,United-States,0
44,Private,314739,Some-college,10,Sales,White,Male,0,0,40,United-States,1
37,Private,160920,Some-college,10,Sales,White,Male,0,0,45,United-States,0
51,Private,229259,Bachelors,13,Exec-managerial,White,Male,0,0,45,United-States,1
51,Private,312446,Bachelors,13,Exec-managerial,White,Male,0,0,37,United-States,1
58,Private,121111,HS-grad,9,Sales,White,Female,0,0,40,Greece,0
41,Private,180181,Masters,14,Exec-managerial,White,Female,0,0,40,United-States,0
63,Private,200127,HS-grad,9,Adm-clerical,White,Female,0,0,40,United-States,0
33,Private,136331,HS-grad,9,Craft-repair,White,Male,0,0,50,United-States,0
26,Private,28856,Bachelors,13,Tech-support,White,Female,0,0,40,United-States,0
27,Private,194472,HS-grad,9,Priv-house-serv,White,Female,0,0,60,United-States,0
31,Private,356882,HS-grad,9,Machine-op-inspct,White,Male,5013,0,40,United-States,0
18,Private,36882,12th,8,Sales,White,Female,0,0,20,United-States,0
48,Private,219565,HS-grad,9,Craft-repair,White,Male,0,0,40,United-States,0
21,Private,214542,Some-college,10,Handlers-cleaners,White,Male,0,0,22,United-States,0
20,Private,216972,HS-grad,9,Sales,White,Male,0,0,30,United-States,0
39,Private,82521,Bachelors,13,Sales,White,Male,0,0,45,United-States,1
46,Private,214955,Assoc-acdm,12,Prof-specialty,White,Female,0,0,40,United-States,0
25,Private,120238,HS-grad,9,Machine-op-inspct,White,Male,0,0,40,Poland,0
22,Private,272591,10th,6,Machine-op-inspct,White,Male,0,0,30,United-States,0
19,Private,418176,HS-grad,9,Exec-managerial,Black,Male,0,0,32,United-States,0
32,Private,181665,HS-grad,9,Adm-clerical,White,Female,0,0,50,United-States,0
42,Private,166740,Bachelors,13,Prof-specialty,White,Male,0,0,40,United-States,0
38,Private,187870,Prof-school,15,Prof-specialty,White,Male,0,2415,90,United-States,1
26,Private,213081,HS-grad,9,Adm-clerical,Black,Female,0,0,40,Jamaica,0
34,Private,300681,Some-college,10,Prof-specialty,Black,Male,0,0,40,Jamaica,1
25,Private,125491,Some-college,10,Other-service,Asian-Pac-Islander,Female,0,0,34,United-States,0
30,Private,147430,HS-grad,9,Adm-clerical,White,Female,0,0,40,United-States,0
21,Private,27255,Some-college,10,Adm-clerical,White,Male,0,0,40,,0
27,Private,29523,10th,6,Handlers-cleaners,White,Male,0,0,40,United-States,0
26,Private,33939,Some-college,10,Tech-support,White,Male,0,0,20,United-States,0
43,Private,409902,HS-grad,9,Other-service,Black,Female,0,0,96,United-States,0
36,Private,118909,Assoc-acdm,12,Adm-clerical,Black,Female,0,0,40,Jamaica,0
47,Private,155659,HS-grad,9,Exec-managerial,White,Male,0,0,60,United-States,0
54,Private,167770,HS-grad,9,Exec-managerial,White,Male,0,1902,55,United-States,1
51,Private,138847,Bachelors,13,Exec-managerial,White,Male,0,0,40,United-States,1
36,Private,272950,Some-college,10,Sales,White,Male,0,0,50,United-States,0
26,Private,171114,Some-college,10,Farming-fishing,White,Female,0,0,38,United-States,0
33,Private,97939,Assoc-acdm,12,Machine-op-inspct,White,Female,0,0,42,United-States,0
24,Private,155818,Some-college,10,Sales,White,Female,0,0,40,United-States,0
36,Private,172538,HS-grad,9,Craft-repair,White,Male,0,0,52,United-States,1
22,Private,194829,Bachelors,13,Exec-managerial,White,Male,0,0,30,United-States,0
40,Private,349405,Assoc-voc,11,Prof-specialty,White,Female,0,0,36,United-States,0
41,Private,132853,1st-4th,2,Transport-moving,White,Male,0,0,40,Mexico,0
40,Private,203761,HS-grad,9,Machine-op-inspct,White,Male,0,0,40,United-States,1
19,Private,400356,Some-college,10,Adm-clerical,White,Male,0,0,40,United-States,0
22,Private,205940,Bachelors,13,Exec-managerial,White,Female,0,0,40,United-States,0
53,Private,177916,Bachelors,13,Adm-clerical,White,Male,7298,0,40,United-States,1
23,Private,250630,Masters,14,Prof-specialty,White,Female,0,0,30,United-States,0
39,Private,231491,HS-grad,9,Handlers-cleaners,White,Male,0,0,40,United-States,0
47,Private,125120,Bachelors,13,Craft-repair,White,Female,0,0,50,United-States,0
26,Private,160264,11th,7,Other-service,Black,Female,0,0,40,United-States,0
30,Private,209768,Assoc-voc,11,Machine-op-inspct,White,Male,0,0,40,United-States,1
37,Private,201259,11th,7,Transport-moving,White,Male,0,0,65,United-States,0
90,Private,313986,11th,7,Craft-repair,White,Male,0,0,40,United-States,0
47,Private,152073,HS-grad,9,Machine-op-inspct,White,Female,0,0,40,United-States,0
50,Private,104501,HS-grad,9,Craft-repair,White,Male,0,0,40,United-States,1
19,Private,219742,Some-college,10,Other-service,White,Female,0,0,15,United-States,0
32,Private,318647,Bachelors,13,Exec-managerial,White,Male,0,0,48,United-States,1
75,Private,101887,10th,6,Priv-house-serv,White,Female,0,0,70,United-States,0
20,Private,472789,1st-4th,2,Farming-fishing,White,Male,0,0,30,El-Salvador,0
39,State-gov,183092,Doctorate,16,Prof-specialty,White,Female,0,0,40,United-States,1
56,Private,32446,Some-college,10,Craft-repair,White,Male,0,0,40,United-States,1
53,Private,261207,HS-grad,9,Other-service,White,Male,0,0,40,Peru,0
27,Private,150025,HS-grad,9,Sales,White,Male,0,0,40,Puerto-Rico,0
28,Private,52199,Bachelors,13,Other-service,White,Male,0,0,50,United-States,0
25,Private,203570,HS-grad,9,Other-service,Black,Male,0,0,40,United-States,0
47,Private,238185,Bachelors,13,Adm-clerical,White,Female,0,0,40,United-States,0
39,Private,91711,Masters,14,Exec-managerial,White,Male,0,0,40,United-States,1
55,Private,201232,Masters,14,Exec-managerial,White,Male,0,0,55,United-States,1
58,Private,233193,HS-grad,9,Adm-clerical,White,Female,0,0,27,United-States,0
57,Private,43290,10th,6,Other-service,Amer-Indian-Eskimo,Female,0,0,20,United-States,0
40,Private,188465,HS-grad,9,Other-service,White,Female,0,0,35,United-States,0
39,Private,175972,Some-college,10,Other-service,White,Female,0,0,15,United-States,0
33,State-gov,31703,Some-college,10,Other-service,White,Male,0,0,40,United-States,0
24,Private,161198,Bachelors,13,Prof-specialty,White,Male,0,0,25,United-States,0
38,Private,682947,Bachelors,13,Exec-managerial,White,Male,0,0,55,United-States,1
29,Private,350162,Bachelors,13,Exec-managerial,White,Male,0,0,40,United-States,1
18,Private,85508,12th,8,Sales,White,Female,0,0,12,United-States,0
35,Private,174077,Some-college,10,Tech-support,White,Female,0,0,32,United-States,0
33,Private,347623,Masters,14,Exec-managerial,White,Male,0,0,40,United-States,0
49,Private,102737,Assoc-voc,11,Craft-repair,White,Male,0,0,40,United-States,0
22,Private,157145,Assoc-voc,11,Craft-repair,White,Male,0,0,50,United-States,0
39,Private,211440,HS-grad,9,Transport-moving,White,Male,0,0,55,United-States,1
35,Private,105994,11th,7,Machine-op-inspct,White,Female,0,0,40,United-States,0
36,Private,207824,Bachelors,13,Prof-specialty,White,Male,7298,0,40,United-States,1
31,Private,234537,Bachelors,13,Prof-specialty,White,Male,7298,0,50,United-States,1
42,Private,167357,Some-college,10,Adm-clerical,White,Female,0,213,40,United-States,0
46,Private,149949,Some-college,10,Craft-repair,White,Male,0,0,40,United-States,0
30,Private,112115,HS-grad,9,Machine-op-inspct,White,Male,0,0,60,Ireland,1
70,Private,573446,HS-grad,9,Craft-repair,White,Male,1455,0,40,United-States,0
68,Private,257557,HS-grad,9,Machine-op-inspct,Black,Male,0,0,40,United-States,1
30,Private,177304,HS-grad,9,Tech-support,White,Male,0,0,40,United-States,1
34,Private,119079,11th,7,Machine-op-inspct,Black,Male,0,0,40,United-States,0
38,Private,102938,Bachelors,13,Craft-repair,White,Male,0,0,40,United-States,0
48,Private,45564,Assoc-voc,11,Prof-specialty,White,Male,4650,0,50,United-States,0
28,Private,249362,11th,7,Transport-moving,White,Male,0,0,50,United-States,0
36,Self-emp-inc,251730,Some-college,10,Protective-serv,White,Male,0,0,60,United-States,1
38,Private,166585,HS-grad,9,Exec-managerial,White,Female,0,0,40,United-States,0
49,Private,423222,Masters,14,Sales,White,Male,0,0,50,United-States,1
48,Private,67725,Bachelors,13,Sales,White,Male,0,0,45,United-States,0
62,Private,200834,Masters,14,Exec-managerial,White,Male,0,0,55,United-States,0
26,Private,66638,Bachelors,13,Exec-managerial,White,Female,0,0,50,United-States,0
55,Private,205759,Doctorate,16,Prof-specialty,White,Male,0,0,40,United-States,0
57,Private,120302,HS-grad,9,Machine-op-inspct,White,Male,0,0,40,United-States,0
22,Private,180449,Some-college,10,Handlers-cleaners,White,Male,0,0,28,United-States,0
41,Private,110318,Masters,14,Other-service,White,Female,0,0,30,United-States,0
53,Private,102828,HS-grad,9,Exec-managerial,White,Male,0,0,35,United-States,1
57,Private,102442,Some-college,10,Adm-clerical,White,Female,0,0,40,United-States,0
40,Private,119493,Some-college,10,Exec-managerial,White,Female,0,0,40,United-States,0
46,Private,218329,Some-college,10,Craft-repair,White,Male,0,0,40,United-States,0
40,Private,67243,Some-college,10,Tech-support,White,Male,0,0,40,United-States,0
18,Private,150817,HS-grad,9,Sales,White,Female,0,0,20,United-States,0
22,State-gov,203518,Some-college,10,Prof-specialty,White,Female,0,0,16,United-States,0
51,Self-emp-inc,54342,Prof-school,15,Prof-specialty,White,Male,27828,0,60,United-States,1
32,Private,168443,Masters,14,Exec-managerial,White,Female,0,0,40,United-States,0
39,Private,47871,Bachelors,13,Exec-managerial,White,Female,0,0,50,United-States,1
29,Private,183111,Assoc-voc,11,Machine-op-inspct,White,Male,0,0,40,United-States,0
30,Private,329425,HS-grad,9,Craft-repair,White,Male,0,0,40,United-States,0
27,Private,203697,Masters,14,Tech-support,White,Male,0,0,50,United-States,0
37,Private,60313,HS-grad,9,Craft-repair,White,Male,0,0,40,United-States,0
21,Private,376416,Some-college,10,Transport-moving,White,Male,0,0,40,United-States,0
23,Private,107882,Bachelors,13,Adm-clerical,White,Female,0,0,40,United-States,0
36,Private,271767,Bachelors,13,Prof-specialty,White,Male,0,0,40,,0
36,Private,353524,HS-grad,9,Exec-managerial,White,Female,1831,0,40,United-States,0
35,Private,538583,11th,7,Transport-moving,Black,Male,0,0,40,United-States,0
28,Private,171067,HS-grad,9,Handlers-cleaners,White,Female,0,0,40,United-States,0
28,Private,116298,7th-8th,4,Machine-op-inspct,White,Male,0,0,45,United-States,0
24,Private,206827,Some-college,10,Sales,White,Female,5060,0,30,United-States,0
40,Private,179666,Bachelors,13,Exec-managerial,White,Male,0,0,30,Canada,0
23,Private,291854,Some-college,10,Prof-specialty,White,Female,0,0,40,United-States,0
55,Self-emp-inc,183884,HS-grad,9,Exec-managerial,White,Male,0,0,50,United-States,1
36,Private,329980,Bachelors,13,Exec-managerial,White,Male,27828,0,40,United-States,1
35,Private,110013,Bachelors,13,Other-service,White,Female,0,0,40,United-States,0
71,Private,533660,7th-8th,4,Craft-repair,White,Male,0,0,40,United-States,1
47,Private,115358,HS-grad,9,Machine-op-inspct,Black,Female,0,0,40,United-States,0
46,Private,114120,Some-college,10,Tech-support,White,Female,0,0,38,United-States,0
47,Private,216999,HS-grad,9,Sales,White,Male,0,0,45,United-States,0
43,Private,106900,Some-college,10,Prof-specialty,White,Male,0,0,40,United-States,0
43,Private,298161,HS-grad,9,Machine-op-inspct,White,Female,0,0,40,Nicaragua,0
25,Private,236242,Prof-school,15,Prof-specialty,White,Female,0,0,30,United-States,0
35,Self-emp-inc,338320,HS-grad,9,Exec-managerial,White,Male,0,0,50,United-States,1
42,Self-emp-inc,161532,Bachelors,13,Craft-repair,Black,Male,0,0,60,United-States,0
17,Private,98005,11th,7,Sales,White,Female,0,0,16,United-States,0
24,Private,181557,HS-grad,9,Handlers-cleaners,Black,Male,0,0,40,United-States,0
47,Self-emp-inc,332355,Masters,14,Exec-managerial,White,Male,15024,0,50,United-States,1
57,Private,233382,Masters,14,Exec-managerial,White,Male,0,0,40,Cuba,0
59,Self-emp-inc,187502,Some-college,10,Craft-repair,White,Male,0,0,50,United-States,1
72,Self-emp-inc,199233,Prof-school,15,Prof-specialty,White,Male,0,2377,35,United-States,1
20,State-gov,432052,Some-college,10,Handlers-cleaners,White,Male,0,0,15,United-States,0
33,Private,65278,Bachelors,13,Exec-managerial,White,Male,0,0,40,United-States,1
42,Self-emp-inc,443508,Doctorate,16,Prof-specialty,White,Male,0,0,45,United-States,1
27,Private,329426,Masters,14,Exec-managerial,White,Male,0,0,37,United-States,0
35,Private,173586,HS-grad,9,Craft-repair,White,Male,0,0,45,United-States,1
19,Private,251579,Some-college,10,Other-service,White,Male,0,0,14,United-States,0
30,Private,168334,HS-grad,9,Sales,White,Female,0,0,30,United-States,0
52,State-gov,109600,Masters,14,Exec-managerial,White,Female,4787,0,44,United-States,1
64,Self-emp-inc,51286,Masters,14,Sales,White,Male,6418,0,65,United-States,1
38,State-gov,34364,Masters,14,Adm-clerical,White,Female,0,0,40,United-States,0
28,State-gov,175325,HS-grad,9,Protective-serv,White,Male,0,0,40,United-States,0
44,Self-emp-inc,121352,Some-college,10,Exec-managerial,White,Male,0,0,50,United-States,0
60,Self-emp-inc,93272,7th-8th,4,Sales,White,Male,0,0,60,United-States,0
34,State-gov,118551,Bachelors,13,Tech-support,White,Female,5178,0,25,,1
